,id,face,type,roi,beta
1,1,F1,irrel,chirrel_MFG_r,0.0243171
15,1,F1,rel,chirrel_MFG_r,0.0252722
29,1,F2,D,chirrel_MFG_r,-0.0477524
43,1,F2,I,chirrel_MFG_r,0.0270582
57,1,F2,irrel,chirrel_MFG_r,0.0304185
71,1,F2,rel,chirrel_MFG_r,0.0194767
85,2,F1,irrel,chirrel_MFG_r,-0.0381618
99,2,F1,rel,chirrel_MFG_r,-0.0715724
113,2,F2,D,chirrel_MFG_r,-0.00603475
127,2,F2,I,chirrel_MFG_r,-0.0661345
141,2,F2,irrel,chirrel_MFG_r,-0.0533025
155,2,F2,rel,chirrel_MFG_r,0.0455174
169,3,F1,irrel,chirrel_MFG_r,0.0408871
183,3,F1,rel,chirrel_MFG_r,0.0622536
197,3,F2,D,chirrel_MFG_r,-0.300827
211,3,F2,I,chirrel_MFG_r,0.113269
225,3,F2,irrel,chirrel_MFG_r,-0.0896834
239,3,F2,rel,chirrel_MFG_r,0.0517847
253,4,F1,irrel,chirrel_MFG_r,-0.101904
267,4,F1,rel,chirrel_MFG_r,-0.005144
281,4,F2,D,chirrel_MFG_r,-0.103766
295,4,F2,I,chirrel_MFG_r,-0.127698
309,4,F2,irrel,chirrel_MFG_r,0.0385492
323,4,F2,rel,chirrel_MFG_r,-0.0554951
337,6,F1,irrel,chirrel_MFG_r,-0.0454979
351,6,F1,rel,chirrel_MFG_r,0.0158036
365,6,F2,D,chirrel_MFG_r,-0.113995
379,6,F2,I,chirrel_MFG_r,-0.00610893
393,6,F2,irrel,chirrel_MFG_r,0.0397855
407,6,F2,rel,chirrel_MFG_r,0.114997
421,7,F1,irrel,chirrel_MFG_r,-0.0487671
435,7,F1,rel,chirrel_MFG_r,-0.00519368
449,7,F2,D,chirrel_MFG_r,-0.119964
463,7,F2,I,chirrel_MFG_r,-0.0364954
477,7,F2,irrel,chirrel_MFG_r,-0.049566
491,7,F2,rel,chirrel_MFG_r,-0.100137
505,9,F1,irrel,chirrel_MFG_r,-0.0115518
519,9,F1,rel,chirrel_MFG_r,0.0180621
533,9,F2,D,chirrel_MFG_r,0.00758915
547,9,F2,I,chirrel_MFG_r,0.00236045
561,9,F2,irrel,chirrel_MFG_r,-0.0197051
575,9,F2,rel,chirrel_MFG_r,-0.0701046
589,10,F1,irrel,chirrel_MFG_r,-0.118743
603,10,F1,rel,chirrel_MFG_r,0.357582
617,10,F2,D,chirrel_MFG_r,0.0955402
631,10,F2,I,chirrel_MFG_r,-0.203596
645,10,F2,irrel,chirrel_MFG_r,-0.0212668
659,10,F2,rel,chirrel_MFG_r,-0.0304978
673,11,F1,irrel,chirrel_MFG_r,-0.0492982
687,11,F1,rel,chirrel_MFG_r,0.0197201
701,11,F2,D,chirrel_MFG_r,-0.0925553
715,11,F2,I,chirrel_MFG_r,-0.0144947
729,11,F2,irrel,chirrel_MFG_r,-0.0933941
743,11,F2,rel,chirrel_MFG_r,-0.0362474
757,15,F1,irrel,chirrel_MFG_r,-0.0152743
771,15,F1,rel,chirrel_MFG_r,-0.0781751
785,15,F2,D,chirrel_MFG_r,0.0814562
799,15,F2,I,chirrel_MFG_r,-0.0162524
813,15,F2,irrel,chirrel_MFG_r,-0.00632022
827,15,F2,rel,chirrel_MFG_r,-0.0968227
841,17,F1,irrel,chirrel_MFG_r,-0.0978329
855,17,F1,rel,chirrel_MFG_r,-0.0513805
869,17,F2,D,chirrel_MFG_r,-0.0602939
883,17,F2,I,chirrel_MFG_r,0.0113446
897,17,F2,irrel,chirrel_MFG_r,-0.00361398
911,17,F2,rel,chirrel_MFG_r,0.106943
925,18,F1,irrel,chirrel_MFG_r,-0.176506
939,18,F1,rel,chirrel_MFG_r,-0.0842026
953,18,F2,D,chirrel_MFG_r,0.0358743
967,18,F2,I,chirrel_MFG_r,0.00187029
981,18,F2,irrel,chirrel_MFG_r,-0.0876262
995,18,F2,rel,chirrel_MFG_r,-0.00223357
1009,19,F1,irrel,chirrel_MFG_r,-0.0552266
1023,19,F1,rel,chirrel_MFG_r,0.019388
1037,19,F2,D,chirrel_MFG_r,-0.36738
1051,19,F2,I,chirrel_MFG_r,-0.139265
1065,19,F2,irrel,chirrel_MFG_r,0.167764
1079,19,F2,rel,chirrel_MFG_r,0.0607318
1093,21,F1,irrel,chirrel_MFG_r,0.0279668
1107,21,F1,rel,chirrel_MFG_r,0.0582231
1121,21,F2,D,chirrel_MFG_r,-0.0827291
1135,21,F2,I,chirrel_MFG_r,0.155801
1149,21,F2,irrel,chirrel_MFG_r,0.00347794
1163,21,F2,rel,chirrel_MFG_r,-0.00661532
1177,22,F1,irrel,chirrel_MFG_r,-0.195828
1191,22,F1,rel,chirrel_MFG_r,-0.0555766
1205,22,F2,D,chirrel_MFG_r,0.127128
1219,22,F2,I,chirrel_MFG_r,0.153798
1233,22,F2,irrel,chirrel_MFG_r,0.141908
1247,22,F2,rel,chirrel_MFG_r,-0.102003
1261,23,F1,irrel,chirrel_MFG_r,-0.028422
1275,23,F1,rel,chirrel_MFG_r,-0.058998
1289,23,F2,D,chirrel_MFG_r,-0.062331
1303,23,F2,I,chirrel_MFG_r,0.0374521
1317,23,F2,irrel,chirrel_MFG_r,0.0676605
1331,23,F2,rel,chirrel_MFG_r,0.0243153
1345,24,F1,irrel,chirrel_MFG_r,0.0160508
1359,24,F1,rel,chirrel_MFG_r,-0.0529597
1373,24,F2,D,chirrel_MFG_r,0.20257
1387,24,F2,I,chirrel_MFG_r,0.000316915
1401,24,F2,irrel,chirrel_MFG_r,0.00805191
1415,24,F2,rel,chirrel_MFG_r,-0.0374488
1429,25,F1,irrel,chirrel_MFG_r,-0.0488394
1443,25,F1,rel,chirrel_MFG_r,-0.0274104
1457,25,F2,D,chirrel_MFG_r,-0.061917
1471,25,F2,I,chirrel_MFG_r,0.0308257
1485,25,F2,irrel,chirrel_MFG_r,-0.0432163
1499,25,F2,rel,chirrel_MFG_r,0.00474844
1513,26,F1,irrel,chirrel_MFG_r,-0.00755429
1527,26,F1,rel,chirrel_MFG_r,-0.00289214
1541,26,F2,D,chirrel_MFG_r,-0.0183812
1555,26,F2,I,chirrel_MFG_r,-0.0327056
1569,26,F2,irrel,chirrel_MFG_r,-0.0814542
1583,26,F2,rel,chirrel_MFG_r,-0.00915444
1597,27,F1,irrel,chirrel_MFG_r,-0.0187699
1611,27,F1,rel,chirrel_MFG_r,0.0589755
1625,27,F2,D,chirrel_MFG_r,-0.0427377
1639,27,F2,I,chirrel_MFG_r,-0.0441536
1653,27,F2,irrel,chirrel_MFG_r,0.10103
1667,27,F2,rel,chirrel_MFG_r,0.147096
1681,28,F1,irrel,chirrel_MFG_r,0.0962637
1695,28,F1,rel,chirrel_MFG_r,0.114244
1709,28,F2,D,chirrel_MFG_r,-0.41047
1723,28,F2,I,chirrel_MFG_r,-0.0392886
1737,28,F2,irrel,chirrel_MFG_r,-0.0784935
1751,28,F2,rel,chirrel_MFG_r,0.105428
1765,29,F1,irrel,chirrel_MFG_r,0.0178396
1779,29,F1,rel,chirrel_MFG_r,0.0391571
1793,29,F2,D,chirrel_MFG_r,-0.0850143
1807,29,F2,I,chirrel_MFG_r,0.0849036
1821,29,F2,irrel,chirrel_MFG_r,-0.0691032
1835,29,F2,rel,chirrel_MFG_r,-0.0582028
1849,30,F1,irrel,chirrel_MFG_r,0.0604575
1863,30,F1,rel,chirrel_MFG_r,-0.0223496
1877,30,F2,D,chirrel_MFG_r,-0.0708512
1891,30,F2,I,chirrel_MFG_r,0.0445662
1905,30,F2,irrel,chirrel_MFG_r,-0.016681
1919,30,F2,rel,chirrel_MFG_r,-0.00997151
1933,31,F1,irrel,chirrel_MFG_r,-0.0658512
1947,31,F1,rel,chirrel_MFG_r,0.0574676
1961,31,F2,D,chirrel_MFG_r,-0.171265
1975,31,F2,I,chirrel_MFG_r,-0.0721165
1989,31,F2,irrel,chirrel_MFG_r,-0.0372908
2003,31,F2,rel,chirrel_MFG_r,-0.0833296
2,1,F1,irrel,chirrel_precuences,0.00124345
16,1,F1,rel,chirrel_precuences,-0.0198031
30,1,F2,D,chirrel_precuences,-0.0774208
44,1,F2,I,chirrel_precuences,-0.061295
58,1,F2,irrel,chirrel_precuences,-0.0284006
72,1,F2,rel,chirrel_precuences,-0.00465499
86,2,F1,irrel,chirrel_precuences,-0.0572475
100,2,F1,rel,chirrel_precuences,-0.156692
114,2,F2,D,chirrel_precuences,0.0146168
128,2,F2,I,chirrel_precuences,-0.107935
142,2,F2,irrel,chirrel_precuences,-0.0961236
156,2,F2,rel,chirrel_precuences,-0.00738937
170,3,F1,irrel,chirrel_precuences,0.0419633
184,3,F1,rel,chirrel_precuences,-0.0732954
198,3,F2,D,chirrel_precuences,-0.0990481
212,3,F2,I,chirrel_precuences,0.0515516
226,3,F2,irrel,chirrel_precuences,-0.0268644
240,3,F2,rel,chirrel_precuences,0.00105244
254,4,F1,irrel,chirrel_precuences,-0.0924129
268,4,F1,rel,chirrel_precuences,0.0539056
282,4,F2,D,chirrel_precuences,-0.128415
296,4,F2,I,chirrel_precuences,-0.080145
310,4,F2,irrel,chirrel_precuences,-0.0351648
324,4,F2,rel,chirrel_precuences,-0.110028
338,6,F1,irrel,chirrel_precuences,-0.0626916
352,6,F1,rel,chirrel_precuences,0.0104823
366,6,F2,D,chirrel_precuences,0.00105325
380,6,F2,I,chirrel_precuences,0.0326149
394,6,F2,irrel,chirrel_precuences,-0.00816832
408,6,F2,rel,chirrel_precuences,-0.0657145
422,7,F1,irrel,chirrel_precuences,0.00146435
436,7,F1,rel,chirrel_precuences,-0.0470889
450,7,F2,D,chirrel_precuences,-0.0026729
464,7,F2,I,chirrel_precuences,-0.0608794
478,7,F2,irrel,chirrel_precuences,-0.119946
492,7,F2,rel,chirrel_precuences,-0.110895
506,9,F1,irrel,chirrel_precuences,0.0163101
520,9,F1,rel,chirrel_precuences,0.0509823
534,9,F2,D,chirrel_precuences,0.0673465
548,9,F2,I,chirrel_precuences,0.0507321
562,9,F2,irrel,chirrel_precuences,0.000430636
576,9,F2,rel,chirrel_precuences,-0.0216891
590,10,F1,irrel,chirrel_precuences,-0.0686012
604,10,F1,rel,chirrel_precuences,-0.00641311
618,10,F2,D,chirrel_precuences,-0.192144
632,10,F2,I,chirrel_precuences,-0.0785409
646,10,F2,irrel,chirrel_precuences,-0.0482413
660,10,F2,rel,chirrel_precuences,-0.0687897
674,11,F1,irrel,chirrel_precuences,0.03514
688,11,F1,rel,chirrel_precuences,0.0306614
702,11,F2,D,chirrel_precuences,-0.0167058
716,11,F2,I,chirrel_precuences,0.037527
730,11,F2,irrel,chirrel_precuences,-0.0662219
744,11,F2,rel,chirrel_precuences,0.0410242
758,15,F1,irrel,chirrel_precuences,0.0725747
772,15,F1,rel,chirrel_precuences,-0.000430068
786,15,F2,D,chirrel_precuences,0.0166153
800,15,F2,I,chirrel_precuences,-0.0590613
814,15,F2,irrel,chirrel_precuences,-0.0131241
828,15,F2,rel,chirrel_precuences,-0.0490095
842,17,F1,irrel,chirrel_precuences,-0.0225334
856,17,F1,rel,chirrel_precuences,0.0167706
870,17,F2,D,chirrel_precuences,-0.167674
884,17,F2,I,chirrel_precuences,0.0387053
898,17,F2,irrel,chirrel_precuences,-0.0391536
912,17,F2,rel,chirrel_precuences,-0.0300862
926,18,F1,irrel,chirrel_precuences,-0.0260743
940,18,F1,rel,chirrel_precuences,0.0171087
954,18,F2,D,chirrel_precuences,-0.180778
968,18,F2,I,chirrel_precuences,0.105334
982,18,F2,irrel,chirrel_precuences,0.0388818
996,18,F2,rel,chirrel_precuences,0.0114587
1010,19,F1,irrel,chirrel_precuences,0.0165731
1024,19,F1,rel,chirrel_precuences,-0.0301399
1038,19,F2,D,chirrel_precuences,-0.219547
1052,19,F2,I,chirrel_precuences,-0.207246
1066,19,F2,irrel,chirrel_precuences,0.179118
1080,19,F2,rel,chirrel_precuences,0.023698
1094,21,F1,irrel,chirrel_precuences,-0.0115466
1108,21,F1,rel,chirrel_precuences,0.0507165
1122,21,F2,D,chirrel_precuences,-0.0820823
1136,21,F2,I,chirrel_precuences,0.0423933
1150,21,F2,irrel,chirrel_precuences,-0.0277924
1164,21,F2,rel,chirrel_precuences,-0.0358837
1178,22,F1,irrel,chirrel_precuences,-0.0319845
1192,22,F1,rel,chirrel_precuences,0.0567354
1206,22,F2,D,chirrel_precuences,-0.0668422
1220,22,F2,I,chirrel_precuences,0.153044
1234,22,F2,irrel,chirrel_precuences,0.0273126
1248,22,F2,rel,chirrel_precuences,0.0448331
1262,23,F1,irrel,chirrel_precuences,-0.0639391
1276,23,F1,rel,chirrel_precuences,-0.0635598
1290,23,F2,D,chirrel_precuences,-0.124025
1304,23,F2,I,chirrel_precuences,0.0402233
1318,23,F2,irrel,chirrel_precuences,0.0251361
1332,23,F2,rel,chirrel_precuences,0.006913
1346,24,F1,irrel,chirrel_precuences,0.0281803
1360,24,F1,rel,chirrel_precuences,0.0144028
1374,24,F2,D,chirrel_precuences,0.146322
1388,24,F2,I,chirrel_precuences,0.0092694
1402,24,F2,irrel,chirrel_precuences,-0.0145044
1416,24,F2,rel,chirrel_precuences,-0.0312288
1430,25,F1,irrel,chirrel_precuences,-0.0215062
1444,25,F1,rel,chirrel_precuences,-0.0489263
1458,25,F2,D,chirrel_precuences,-0.0333075
1472,25,F2,I,chirrel_precuences,0.0903279
1486,25,F2,irrel,chirrel_precuences,3.36E-07
1500,25,F2,rel,chirrel_precuences,-0.0167453
1514,26,F1,irrel,chirrel_precuences,0.00268864
1528,26,F1,rel,chirrel_precuences,0.0604321
1542,26,F2,D,chirrel_precuences,-0.0440306
1556,26,F2,I,chirrel_precuences,0.000923415
1570,26,F2,irrel,chirrel_precuences,-0.083249
1584,26,F2,rel,chirrel_precuences,-0.0031755
1598,27,F1,irrel,chirrel_precuences,-0.0590193
1612,27,F1,rel,chirrel_precuences,-0.00355443
1626,27,F2,D,chirrel_precuences,0.0233204
1640,27,F2,I,chirrel_precuences,0.0200747
1654,27,F2,irrel,chirrel_precuences,0.0166709
1668,27,F2,rel,chirrel_precuences,0.0425881
1682,28,F1,irrel,chirrel_precuences,0.025878
1696,28,F1,rel,chirrel_precuences,-0.0422391
1710,28,F2,D,chirrel_precuences,-0.350068
1724,28,F2,I,chirrel_precuences,0.0582692
1738,28,F2,irrel,chirrel_precuences,-0.148493
1752,28,F2,rel,chirrel_precuences,0.137577
1766,29,F1,irrel,chirrel_precuences,-0.0276509
1780,29,F1,rel,chirrel_precuences,-0.0362634
1794,29,F2,D,chirrel_precuences,-0.0353606
1808,29,F2,I,chirrel_precuences,0.087181
1822,29,F2,irrel,chirrel_precuences,-0.0477181
1836,29,F2,rel,chirrel_precuences,-0.00734215
1850,30,F1,irrel,chirrel_precuences,0.0358081
1864,30,F1,rel,chirrel_precuences,-0.019195
1878,30,F2,D,chirrel_precuences,-0.0757402
1892,30,F2,I,chirrel_precuences,0.0185015
1906,30,F2,irrel,chirrel_precuences,-0.0379105
1920,30,F2,rel,chirrel_precuences,0.024171
1934,31,F1,irrel,chirrel_precuences,-0.0746484
1948,31,F1,rel,chirrel_precuences,0.038156
1962,31,F2,D,chirrel_precuences,-0.0956737
1976,31,F2,I,chirrel_precuences,-0.00678205
1990,31,F2,irrel,chirrel_precuences,-0.0399836
2004,31,F2,rel,chirrel_precuences,-0.0127697
3,1,F1,irrel,chrel_putamen_l,0.000890398
17,1,F1,rel,chrel_putamen_l,-0.0252712
31,1,F2,D,chrel_putamen_l,-0.0184389
45,1,F2,I,chrel_putamen_l,-0.0942566
59,1,F2,irrel,chrel_putamen_l,-0.0335814
73,1,F2,rel,chrel_putamen_l,-0.0425334
87,2,F1,irrel,chrel_putamen_l,-0.000362118
101,2,F1,rel,chrel_putamen_l,-0.0611175
115,2,F2,D,chrel_putamen_l,0.0262014
129,2,F2,I,chrel_putamen_l,-0.125715
143,2,F2,irrel,chrel_putamen_l,0.000186975
157,2,F2,rel,chrel_putamen_l,0.0264692
171,3,F1,irrel,chrel_putamen_l,-0.0293936
185,3,F1,rel,chrel_putamen_l,-0.018847
199,3,F2,D,chrel_putamen_l,-0.0175483
213,3,F2,I,chrel_putamen_l,0.0219415
227,3,F2,irrel,chrel_putamen_l,-0.0157869
241,3,F2,rel,chrel_putamen_l,0.0317604
255,4,F1,irrel,chrel_putamen_l,-0.0300408
269,4,F1,rel,chrel_putamen_l,0.0212152
283,4,F2,D,chrel_putamen_l,-0.0719256
297,4,F2,I,chrel_putamen_l,-0.053362
311,4,F2,irrel,chrel_putamen_l,0.0173644
325,4,F2,rel,chrel_putamen_l,-0.0535994
339,6,F1,irrel,chrel_putamen_l,-0.0177776
353,6,F1,rel,chrel_putamen_l,0.0187975
367,6,F2,D,chrel_putamen_l,-0.0117332
381,6,F2,I,chrel_putamen_l,0.02684
395,6,F2,irrel,chrel_putamen_l,0.032204
409,6,F2,rel,chrel_putamen_l,-0.0448252
423,7,F1,irrel,chrel_putamen_l,-0.0582955
437,7,F1,rel,chrel_putamen_l,0.0164308
451,7,F2,D,chrel_putamen_l,0.0823568
465,7,F2,I,chrel_putamen_l,-0.066172
479,7,F2,irrel,chrel_putamen_l,-0.00973286
493,7,F2,rel,chrel_putamen_l,-0.0780507
507,9,F1,irrel,chrel_putamen_l,0.0326392
521,9,F1,rel,chrel_putamen_l,-0.0192826
535,9,F2,D,chrel_putamen_l,0.0900844
549,9,F2,I,chrel_putamen_l,0.0157174
563,9,F2,irrel,chrel_putamen_l,0.0353004
577,9,F2,rel,chrel_putamen_l,0.0146566
591,10,F1,irrel,chrel_putamen_l,-0.114892
605,10,F1,rel,chrel_putamen_l,-0.00884573
619,10,F2,D,chrel_putamen_l,0.182814
633,10,F2,I,chrel_putamen_l,-0.0435315
647,10,F2,irrel,chrel_putamen_l,-0.0212274
661,10,F2,rel,chrel_putamen_l,-0.0723015
675,11,F1,irrel,chrel_putamen_l,-0.00747061
689,11,F1,rel,chrel_putamen_l,0.0253838
703,11,F2,D,chrel_putamen_l,0.0300427
717,11,F2,I,chrel_putamen_l,-0.0821788
731,11,F2,irrel,chrel_putamen_l,0.0244325
745,11,F2,rel,chrel_putamen_l,0.006791
759,15,F1,irrel,chrel_putamen_l,0.0257622
773,15,F1,rel,chrel_putamen_l,-0.0220816
787,15,F2,D,chrel_putamen_l,0.016058
801,15,F2,I,chrel_putamen_l,0.0369853
815,15,F2,irrel,chrel_putamen_l,0.0446532
829,15,F2,rel,chrel_putamen_l,-0.0291527
843,17,F1,irrel,chrel_putamen_l,0.0370528
857,17,F1,rel,chrel_putamen_l,0.0242102
871,17,F2,D,chrel_putamen_l,-0.0322666
885,17,F2,I,chrel_putamen_l,0.093371
899,17,F2,irrel,chrel_putamen_l,0.00365687
913,17,F2,rel,chrel_putamen_l,-0.0210789
927,18,F1,irrel,chrel_putamen_l,4.68E-05
941,18,F1,rel,chrel_putamen_l,-0.00794238
955,18,F2,D,chrel_putamen_l,-0.113406
969,18,F2,I,chrel_putamen_l,0.0831478
983,18,F2,irrel,chrel_putamen_l,0.00768827
997,18,F2,rel,chrel_putamen_l,-0.0277577
1011,19,F1,irrel,chrel_putamen_l,0.0357438
1025,19,F1,rel,chrel_putamen_l,-0.131175
1039,19,F2,D,chrel_putamen_l,0.15966
1053,19,F2,I,chrel_putamen_l,-0.0235682
1067,19,F2,irrel,chrel_putamen_l,0.0387136
1081,19,F2,rel,chrel_putamen_l,0.0112043
1095,21,F1,irrel,chrel_putamen_l,-0.0252759
1109,21,F1,rel,chrel_putamen_l,0.0663161
1123,21,F2,D,chrel_putamen_l,-0.0341517
1137,21,F2,I,chrel_putamen_l,-0.0132624
1151,21,F2,irrel,chrel_putamen_l,-0.0153603
1165,21,F2,rel,chrel_putamen_l,-0.032552
1179,22,F1,irrel,chrel_putamen_l,0.012009
1193,22,F1,rel,chrel_putamen_l,-0.00720017
1207,22,F2,D,chrel_putamen_l,0.104664
1221,22,F2,I,chrel_putamen_l,0.0532145
1235,22,F2,irrel,chrel_putamen_l,0.013855
1249,22,F2,rel,chrel_putamen_l,0.0379785
1263,23,F1,irrel,chrel_putamen_l,-0.010686
1277,23,F1,rel,chrel_putamen_l,-0.0146852
1291,23,F2,D,chrel_putamen_l,-0.0473024
1305,23,F2,I,chrel_putamen_l,0.04199
1319,23,F2,irrel,chrel_putamen_l,0.00330283
1333,23,F2,rel,chrel_putamen_l,0.00601971
1347,24,F1,irrel,chrel_putamen_l,-0.000747648
1361,24,F1,rel,chrel_putamen_l,0.0613418
1375,24,F2,D,chrel_putamen_l,0.0513492
1389,24,F2,I,chrel_putamen_l,0.0710982
1403,24,F2,irrel,chrel_putamen_l,-0.0333737
1417,24,F2,rel,chrel_putamen_l,-0.03234
1431,25,F1,irrel,chrel_putamen_l,0.0215443
1445,25,F1,rel,chrel_putamen_l,-0.0147082
1459,25,F2,D,chrel_putamen_l,-0.0225437
1473,25,F2,I,chrel_putamen_l,0.0168656
1487,25,F2,irrel,chrel_putamen_l,0.000843667
1501,25,F2,rel,chrel_putamen_l,0.0133757
1515,26,F1,irrel,chrel_putamen_l,-0.0171664
1529,26,F1,rel,chrel_putamen_l,-0.0728359
1543,26,F2,D,chrel_putamen_l,0.17867
1557,26,F2,I,chrel_putamen_l,0.0191109
1571,26,F2,irrel,chrel_putamen_l,-0.0250111
1585,26,F2,rel,chrel_putamen_l,0.0101939
1599,27,F1,irrel,chrel_putamen_l,0.0582169
1613,27,F1,rel,chrel_putamen_l,-0.025757
1627,27,F2,D,chrel_putamen_l,0.0636377
1641,27,F2,I,chrel_putamen_l,0.126128
1655,27,F2,irrel,chrel_putamen_l,-0.0545904
1669,27,F2,rel,chrel_putamen_l,-0.0184425
1683,28,F1,irrel,chrel_putamen_l,0.00814875
1697,28,F1,rel,chrel_putamen_l,-0.0467081
1711,28,F2,D,chrel_putamen_l,-0.0840869
1725,28,F2,I,chrel_putamen_l,0.0021119
1739,28,F2,irrel,chrel_putamen_l,-0.0761725
1753,28,F2,rel,chrel_putamen_l,0.0345767
1767,29,F1,irrel,chrel_putamen_l,-0.00731874
1781,29,F1,rel,chrel_putamen_l,-0.0421407
1795,29,F2,D,chrel_putamen_l,-0.0432613
1809,29,F2,I,chrel_putamen_l,0.0245831
1823,29,F2,irrel,chrel_putamen_l,0.00584237
1837,29,F2,rel,chrel_putamen_l,0.0105595
1851,30,F1,irrel,chrel_putamen_l,-0.0167372
1865,30,F1,rel,chrel_putamen_l,-0.0251355
1879,30,F2,D,chrel_putamen_l,0.00956508
1893,30,F2,I,chrel_putamen_l,0.0263824
1907,30,F2,irrel,chrel_putamen_l,-0.0472372
1921,30,F2,rel,chrel_putamen_l,-0.00200366
1935,31,F1,irrel,chrel_putamen_l,-0.0737464
1949,31,F1,rel,chrel_putamen_l,0.0254571
1963,31,F2,D,chrel_putamen_l,0.0714477
1977,31,F2,I,chrel_putamen_l,0.0186953
1991,31,F2,irrel,chrel_putamen_l,0.0119103
2005,31,F2,rel,chrel_putamen_l,0.0245815
4,1,F1,irrel,D_IFG_l,0.0411369
18,1,F1,rel,D_IFG_l,0.0811911
32,1,F2,D,D_IFG_l,-0.0788689
46,1,F2,I,D_IFG_l,-0.023471
60,1,F2,irrel,D_IFG_l,0.040424
74,1,F2,rel,D_IFG_l,0.0191664
88,2,F1,irrel,D_IFG_l,-0.0529863
102,2,F1,rel,D_IFG_l,0.00237597
116,2,F2,D,D_IFG_l,0.00852943
130,2,F2,I,D_IFG_l,-0.0761968
144,2,F2,irrel,D_IFG_l,-0.052098
158,2,F2,rel,D_IFG_l,0.0163683
172,3,F1,irrel,D_IFG_l,-0.0211493
186,3,F1,rel,D_IFG_l,0.014472
200,3,F2,D,D_IFG_l,-0.0823186
214,3,F2,I,D_IFG_l,0.036274
228,3,F2,irrel,D_IFG_l,0.0423289
242,3,F2,rel,D_IFG_l,0.0312721
256,4,F1,irrel,D_IFG_l,0.049821
270,4,F1,rel,D_IFG_l,0.0385086
284,4,F2,D,D_IFG_l,-0.109764
298,4,F2,I,D_IFG_l,-0.0163101
312,4,F2,irrel,D_IFG_l,0.0295031
326,4,F2,rel,D_IFG_l,-0.0777367
340,6,F1,irrel,D_IFG_l,0.0673235
354,6,F1,rel,D_IFG_l,0.0835746
368,6,F2,D,D_IFG_l,-0.0560223
382,6,F2,I,D_IFG_l,-0.0266385
396,6,F2,irrel,D_IFG_l,0.127733
410,6,F2,rel,D_IFG_l,0.0457579
424,7,F1,irrel,D_IFG_l,-0.0703881
438,7,F1,rel,D_IFG_l,-0.0413808
452,7,F2,D,D_IFG_l,-0.168962
466,7,F2,I,D_IFG_l,0.0490082
480,7,F2,irrel,D_IFG_l,-0.0627802
494,7,F2,rel,D_IFG_l,-0.0554921
508,9,F1,irrel,D_IFG_l,-0.0468749
522,9,F1,rel,D_IFG_l,0.0895661
536,9,F2,D,D_IFG_l,-0.0504345
550,9,F2,I,D_IFG_l,-0.0248654
564,9,F2,irrel,D_IFG_l,0.00754612
578,9,F2,rel,D_IFG_l,0.0130334
592,10,F1,irrel,D_IFG_l,-0.0341502
606,10,F1,rel,D_IFG_l,0.0268092
620,10,F2,D,D_IFG_l,-0.135053
634,10,F2,I,D_IFG_l,0.0304219
648,10,F2,irrel,D_IFG_l,0.0187875
662,10,F2,rel,D_IFG_l,0.0834943
676,11,F1,irrel,D_IFG_l,0.193832
690,11,F1,rel,D_IFG_l,-0.024164
704,11,F2,D,D_IFG_l,-0.160948
718,11,F2,I,D_IFG_l,0.245478
732,11,F2,irrel,D_IFG_l,0.0672963
746,11,F2,rel,D_IFG_l,0.163284
760,15,F1,irrel,D_IFG_l,0.00295146
774,15,F1,rel,D_IFG_l,-0.0147806
788,15,F2,D,D_IFG_l,-0.00502606
802,15,F2,I,D_IFG_l,0.0484423
816,15,F2,irrel,D_IFG_l,-0.0697732
830,15,F2,rel,D_IFG_l,-0.0768169
844,17,F1,irrel,D_IFG_l,-0.0774638
858,17,F1,rel,D_IFG_l,-0.0987954
872,17,F2,D,D_IFG_l,-0.251522
886,17,F2,I,D_IFG_l,0.00308144
900,17,F2,irrel,D_IFG_l,-0.0518725
914,17,F2,rel,D_IFG_l,0.0123734
928,18,F1,irrel,D_IFG_l,0.0598711
942,18,F1,rel,D_IFG_l,0.0427432
956,18,F2,D,D_IFG_l,-0.27011
970,18,F2,I,D_IFG_l,0.216333
984,18,F2,irrel,D_IFG_l,0.0182504
998,18,F2,rel,D_IFG_l,0.0308492
1012,19,F1,irrel,D_IFG_l,0.0372129
1026,19,F1,rel,D_IFG_l,0.0376999
1040,19,F2,D,D_IFG_l,-0.2049
1054,19,F2,I,D_IFG_l,-0.0367603
1068,19,F2,irrel,D_IFG_l,0.118928
1082,19,F2,rel,D_IFG_l,0.0017116
1096,21,F1,irrel,D_IFG_l,-0.0766124
1110,21,F1,rel,D_IFG_l,0.0536378
1124,21,F2,D,D_IFG_l,-0.155985
1138,21,F2,I,D_IFG_l,0.116402
1152,21,F2,irrel,D_IFG_l,-0.026572
1166,21,F2,rel,D_IFG_l,-0.0394814
1180,22,F1,irrel,D_IFG_l,0.0329196
1194,22,F1,rel,D_IFG_l,0.0653375
1208,22,F2,D,D_IFG_l,0.00125635
1222,22,F2,I,D_IFG_l,0.0852406
1236,22,F2,irrel,D_IFG_l,0.0446895
1250,22,F2,rel,D_IFG_l,0.0678937
1264,23,F1,irrel,D_IFG_l,0.00576818
1278,23,F1,rel,D_IFG_l,-0.0315995
1292,23,F2,D,D_IFG_l,-0.0897479
1306,23,F2,I,D_IFG_l,0.0842465
1320,23,F2,irrel,D_IFG_l,-0.0616249
1334,23,F2,rel,D_IFG_l,-0.00613617
1348,24,F1,irrel,D_IFG_l,0.0383187
1362,24,F1,rel,D_IFG_l,0.0310227
1376,24,F2,D,D_IFG_l,0.0293493
1390,24,F2,I,D_IFG_l,0.1092
1404,24,F2,irrel,D_IFG_l,0.00644801
1418,24,F2,rel,D_IFG_l,-0.036634
1432,25,F1,irrel,D_IFG_l,-0.0783829
1446,25,F1,rel,D_IFG_l,-0.0737716
1460,25,F2,D,D_IFG_l,-0.170314
1474,25,F2,I,D_IFG_l,-0.028498
1488,25,F2,irrel,D_IFG_l,-0.0550532
1502,25,F2,rel,D_IFG_l,0.00583492
1516,26,F1,irrel,D_IFG_l,-0.0483451
1530,26,F1,rel,D_IFG_l,0.0855111
1544,26,F2,D,D_IFG_l,-0.0760233
1558,26,F2,I,D_IFG_l,-0.022348
1572,26,F2,irrel,D_IFG_l,0.0510679
1586,26,F2,rel,D_IFG_l,0.0348656
1600,27,F1,irrel,D_IFG_l,0.0619112
1614,27,F1,rel,D_IFG_l,-0.00613966
1628,27,F2,D,D_IFG_l,-0.0796562
1642,27,F2,I,D_IFG_l,0.097267
1656,27,F2,irrel,D_IFG_l,0.0373941
1670,27,F2,rel,D_IFG_l,0.0942766
1684,28,F1,irrel,D_IFG_l,0.0650375
1698,28,F1,rel,D_IFG_l,-0.00212216
1712,28,F2,D,D_IFG_l,-0.192633
1726,28,F2,I,D_IFG_l,0.0514282
1740,28,F2,irrel,D_IFG_l,-0.0854304
1754,28,F2,rel,D_IFG_l,0.0183244
1768,29,F1,irrel,D_IFG_l,-0.0649671
1782,29,F1,rel,D_IFG_l,0.0243239
1796,29,F2,D,D_IFG_l,-0.0484601
1810,29,F2,I,D_IFG_l,0.0992632
1824,29,F2,irrel,D_IFG_l,-0.04832
1838,29,F2,rel,D_IFG_l,0.0881124
1852,30,F1,irrel,D_IFG_l,0.0443546
1866,30,F1,rel,D_IFG_l,0.0420012
1880,30,F2,D,D_IFG_l,-0.123779
1894,30,F2,I,D_IFG_l,0.0767961
1908,30,F2,irrel,D_IFG_l,-0.0402676
1922,30,F2,rel,D_IFG_l,0.0708911
1936,31,F1,irrel,D_IFG_l,-0.0354618
1950,31,F1,rel,D_IFG_l,0.004562
1964,31,F2,D,D_IFG_l,-0.126082
1978,31,F2,I,D_IFG_l,0.0453818
1992,31,F2,irrel,D_IFG_l,0.014167
2006,31,F2,rel,D_IFG_l,-0.0868581
5,1,F1,irrel,D_insular,0.0238137
19,1,F1,rel,D_insular,0.0254567
33,1,F2,D,D_insular,-0.0604107
47,1,F2,I,D_insular,-0.0355192
61,1,F2,irrel,D_insular,0.0372952
75,1,F2,rel,D_insular,0.0406032
89,2,F1,irrel,D_insular,-0.0211801
103,2,F1,rel,D_insular,-0.0142338
117,2,F2,D,D_insular,-0.110435
131,2,F2,I,D_insular,-0.0488194
145,2,F2,irrel,D_insular,0.00420789
159,2,F2,rel,D_insular,0.016891
173,3,F1,irrel,D_insular,0.0077009
187,3,F1,rel,D_insular,0.0564734
201,3,F2,D,D_insular,0.000588298
215,3,F2,I,D_insular,0.00529279
229,3,F2,irrel,D_insular,-0.00679618
243,3,F2,rel,D_insular,0.0318823
257,4,F1,irrel,D_insular,-0.00975594
271,4,F1,rel,D_insular,0.0398445
285,4,F2,D,D_insular,-0.151785
299,4,F2,I,D_insular,-0.11989
313,4,F2,irrel,D_insular,0.0118852
327,4,F2,rel,D_insular,-0.0440985
341,6,F1,irrel,D_insular,0.037033
355,6,F1,rel,D_insular,-0.0150949
369,6,F2,D,D_insular,-0.244417
383,6,F2,I,D_insular,0.00403901
397,6,F2,irrel,D_insular,0.077667
411,6,F2,rel,D_insular,0.0265025
425,7,F1,irrel,D_insular,-0.044354
439,7,F1,rel,D_insular,0.0135562
453,7,F2,D,D_insular,-0.0150125
467,7,F2,I,D_insular,0.0139436
481,7,F2,irrel,D_insular,-0.0737323
495,7,F2,rel,D_insular,-0.0784288
509,9,F1,irrel,D_insular,-0.0227493
523,9,F1,rel,D_insular,0.0323732
537,9,F2,D,D_insular,-0.0791071
551,9,F2,I,D_insular,0.0154229
565,9,F2,irrel,D_insular,-0.0123946
579,9,F2,rel,D_insular,0.0168231
593,10,F1,irrel,D_insular,-0.0300306
607,10,F1,rel,D_insular,0.0255896
621,10,F2,D,D_insular,-0.129173
635,10,F2,I,D_insular,0.0438964
649,10,F2,irrel,D_insular,-0.0553546
663,10,F2,rel,D_insular,-0.0129952
677,11,F1,irrel,D_insular,0.0268879
691,11,F1,rel,D_insular,-0.0197981
705,11,F2,D,D_insular,-0.0702515
719,11,F2,I,D_insular,0.00986369
733,11,F2,irrel,D_insular,-0.0161907
747,11,F2,rel,D_insular,0.0538532
761,15,F1,irrel,D_insular,0.00602041
775,15,F1,rel,D_insular,-0.0124914
789,15,F2,D,D_insular,-0.0751114
803,15,F2,I,D_insular,-0.00256725
817,15,F2,irrel,D_insular,-0.0286873
831,15,F2,rel,D_insular,-0.0165953
845,17,F1,irrel,D_insular,0.0146775
859,17,F1,rel,D_insular,-0.0226461
873,17,F2,D,D_insular,-0.119027
887,17,F2,I,D_insular,-0.0116199
901,17,F2,irrel,D_insular,0.0218751
915,17,F2,rel,D_insular,-0.00617302
929,18,F1,irrel,D_insular,0.0292092
943,18,F1,rel,D_insular,0.00152402
957,18,F2,D,D_insular,-0.0513416
971,18,F2,I,D_insular,0.0867311
985,18,F2,irrel,D_insular,-0.0214605
999,18,F2,rel,D_insular,-0.025371
1013,19,F1,irrel,D_insular,-0.00313425
1027,19,F1,rel,D_insular,0.025056
1041,19,F2,D,D_insular,0.0155441
1055,19,F2,I,D_insular,-0.071331
1069,19,F2,irrel,D_insular,0.119081
1083,19,F2,rel,D_insular,0.00210428
1097,21,F1,irrel,D_insular,0.0137573
1111,21,F1,rel,D_insular,0.0425373
1125,21,F2,D,D_insular,-0.163173
1139,21,F2,I,D_insular,0.0532678
1153,21,F2,irrel,D_insular,-0.0126189
1167,21,F2,rel,D_insular,-0.0298082
1181,22,F1,irrel,D_insular,-0.0157406
1195,22,F1,rel,D_insular,0.0798176
1209,22,F2,D,D_insular,-0.0390208
1223,22,F2,I,D_insular,0.0431105
1237,22,F2,irrel,D_insular,0.0763139
1251,22,F2,rel,D_insular,0.0149717
1265,23,F1,irrel,D_insular,0.0169171
1279,23,F1,rel,D_insular,0.0151906
1293,23,F2,D,D_insular,-0.104615
1307,23,F2,I,D_insular,0.0167426
1321,23,F2,irrel,D_insular,0.0026461
1335,23,F2,rel,D_insular,0.00988311
1349,24,F1,irrel,D_insular,0.0146187
1363,24,F1,rel,D_insular,0.0454034
1377,24,F2,D,D_insular,-0.211033
1391,24,F2,I,D_insular,0.0293062
1405,24,F2,irrel,D_insular,-0.0180215
1419,24,F2,rel,D_insular,-0.0457251
1433,25,F1,irrel,D_insular,-0.01602
1447,25,F1,rel,D_insular,0.00527648
1461,25,F2,D,D_insular,-0.0797641
1475,25,F2,I,D_insular,0.0181134
1489,25,F2,irrel,D_insular,-0.0112933
1503,25,F2,rel,D_insular,0.00396195
1517,26,F1,irrel,D_insular,-0.0105751
1531,26,F1,rel,D_insular,0.0343313
1545,26,F2,D,D_insular,-0.177436
1559,26,F2,I,D_insular,0.00702511
1573,26,F2,irrel,D_insular,-0.0294401
1587,26,F2,rel,D_insular,-0.0144082
1601,27,F1,irrel,D_insular,-0.025074
1615,27,F1,rel,D_insular,-0.0243994
1629,27,F2,D,D_insular,-0.112129
1643,27,F2,I,D_insular,0.025125
1657,27,F2,irrel,D_insular,0.0299401
1671,27,F2,rel,D_insular,0.0327985
1685,28,F1,irrel,D_insular,0.0140731
1699,28,F1,rel,D_insular,-0.00237595
1713,28,F2,D,D_insular,-0.027857
1727,28,F2,I,D_insular,0.00292137
1741,28,F2,irrel,D_insular,-0.0541554
1755,28,F2,rel,D_insular,0.0303186
1769,29,F1,irrel,D_insular,-0.0197969
1783,29,F1,rel,D_insular,0.00136213
1797,29,F2,D,D_insular,-0.104943
1811,29,F2,I,D_insular,0.0396445
1825,29,F2,irrel,D_insular,-0.0449259
1839,29,F2,rel,D_insular,0.0074561
1853,30,F1,irrel,D_insular,0.0164249
1867,30,F1,rel,D_insular,0.0128722
1881,30,F2,D,D_insular,-0.0941536
1895,30,F2,I,D_insular,0.0128384
1909,30,F2,irrel,D_insular,-0.0461849
1923,30,F2,rel,D_insular,0.0158191
1937,31,F1,irrel,D_insular,-0.0507971
1951,31,F1,rel,D_insular,0.00759446
1965,31,F2,D,D_insular,-0.199247
1979,31,F2,I,D_insular,0.0394845
1993,31,F2,irrel,D_insular,-0.0313495
2007,31,F2,rel,D_insular,-0.0737973
6,1,F1,irrel,D_IPL_l,0.0325316
20,1,F1,rel,D_IPL_l,0.0984182
34,1,F2,D,D_IPL_l,-0.0818456
48,1,F2,I,D_IPL_l,-0.0255586
62,1,F2,irrel,D_IPL_l,0.0217407
76,1,F2,rel,D_IPL_l,-0.0266478
90,2,F1,irrel,D_IPL_l,-0.0575099
104,2,F1,rel,D_IPL_l,-0.023264
118,2,F2,D,D_IPL_l,0.0301732
132,2,F2,I,D_IPL_l,-0.131092
146,2,F2,irrel,D_IPL_l,-0.0857872
160,2,F2,rel,D_IPL_l,0.0280322
174,3,F1,irrel,D_IPL_l,-0.00783927
188,3,F1,rel,D_IPL_l,-0.00236764
202,3,F2,D,D_IPL_l,-0.0842383
216,3,F2,I,D_IPL_l,0.0212139
230,3,F2,irrel,D_IPL_l,0.0158199
244,3,F2,rel,D_IPL_l,-0.0117812
258,4,F1,irrel,D_IPL_l,0.0104426
272,4,F1,rel,D_IPL_l,0.0530835
286,4,F2,D,D_IPL_l,-0.0847235
300,4,F2,I,D_IPL_l,-0.103321
314,4,F2,irrel,D_IPL_l,0.0328566
328,4,F2,rel,D_IPL_l,-0.0276229
342,6,F1,irrel,D_IPL_l,0.00840266
356,6,F1,rel,D_IPL_l,0.0119177
370,6,F2,D,D_IPL_l,-0.0310845
384,6,F2,I,D_IPL_l,0.0202492
398,6,F2,irrel,D_IPL_l,0.0709014
412,6,F2,rel,D_IPL_l,0.0127978
426,7,F1,irrel,D_IPL_l,-0.0247792
440,7,F1,rel,D_IPL_l,-0.00798307
454,7,F2,D,D_IPL_l,-0.0903218
468,7,F2,I,D_IPL_l,-0.0108516
482,7,F2,irrel,D_IPL_l,-0.0786481
496,7,F2,rel,D_IPL_l,-0.00809454
510,9,F1,irrel,D_IPL_l,-0.0160958
524,9,F1,rel,D_IPL_l,0.0817308
538,9,F2,D,D_IPL_l,-0.0425505
552,9,F2,I,D_IPL_l,0.0177389
566,9,F2,irrel,D_IPL_l,-0.00317608
580,9,F2,rel,D_IPL_l,-0.0201421
594,10,F1,irrel,D_IPL_l,-0.107414
608,10,F1,rel,D_IPL_l,0.00120509
622,10,F2,D,D_IPL_l,-0.174849
636,10,F2,I,D_IPL_l,-0.0705801
650,10,F2,irrel,D_IPL_l,-0.036779
664,10,F2,rel,D_IPL_l,-0.0138819
678,11,F1,irrel,D_IPL_l,0.0902552
692,11,F1,rel,D_IPL_l,0.0174916
706,11,F2,D,D_IPL_l,-0.112389
720,11,F2,I,D_IPL_l,0.111231
734,11,F2,irrel,D_IPL_l,0.0229362
748,11,F2,rel,D_IPL_l,0.0992635
762,15,F1,irrel,D_IPL_l,-0.00310964
776,15,F1,rel,D_IPL_l,-0.0352569
790,15,F2,D,D_IPL_l,-0.000262665
804,15,F2,I,D_IPL_l,-0.00851154
818,15,F2,irrel,D_IPL_l,-0.0295374
832,15,F2,rel,D_IPL_l,-0.0386997
846,17,F1,irrel,D_IPL_l,-0.0278728
860,17,F1,rel,D_IPL_l,-0.0131419
874,17,F2,D,D_IPL_l,-0.144435
888,17,F2,I,D_IPL_l,-0.00916244
902,17,F2,irrel,D_IPL_l,-0.00884915
916,17,F2,rel,D_IPL_l,-0.0176109
930,18,F1,irrel,D_IPL_l,0.0138071
944,18,F1,rel,D_IPL_l,0.0313826
958,18,F2,D,D_IPL_l,-0.170908
972,18,F2,I,D_IPL_l,0.135266
986,18,F2,irrel,D_IPL_l,0.010596
1000,18,F2,rel,D_IPL_l,-0.0094017
1014,19,F1,irrel,D_IPL_l,0.0412216
1028,19,F1,rel,D_IPL_l,0.0278321
1042,19,F2,D,D_IPL_l,-0.0877424
1056,19,F2,I,D_IPL_l,-0.0815689
1070,19,F2,irrel,D_IPL_l,0.107697
1084,19,F2,rel,D_IPL_l,0.045704
1098,21,F1,irrel,D_IPL_l,-0.025597
1112,21,F1,rel,D_IPL_l,0.0693779
1126,21,F2,D,D_IPL_l,-0.0870958
1140,21,F2,I,D_IPL_l,0.0544735
1154,21,F2,irrel,D_IPL_l,-0.00495407
1168,21,F2,rel,D_IPL_l,-0.0323841
1182,22,F1,irrel,D_IPL_l,0.0391512
1196,22,F1,rel,D_IPL_l,0.108956
1210,22,F2,D,D_IPL_l,-0.115811
1224,22,F2,I,D_IPL_l,0.0374778
1238,22,F2,irrel,D_IPL_l,-0.048411
1252,22,F2,rel,D_IPL_l,0.0368797
1266,23,F1,irrel,D_IPL_l,0.0180592
1280,23,F1,rel,D_IPL_l,0.0510201
1294,23,F2,D,D_IPL_l,-0.117009
1308,23,F2,I,D_IPL_l,0.0734603
1322,23,F2,irrel,D_IPL_l,0.00098267
1336,23,F2,rel,D_IPL_l,-0.0238946
1350,24,F1,irrel,D_IPL_l,0.0517514
1364,24,F1,rel,D_IPL_l,0.0217651
1378,24,F2,D,D_IPL_l,0.000596222
1392,24,F2,I,D_IPL_l,0.0346655
1406,24,F2,irrel,D_IPL_l,-0.031201
1420,24,F2,rel,D_IPL_l,-0.0238138
1434,25,F1,irrel,D_IPL_l,-0.0215799
1448,25,F1,rel,D_IPL_l,-0.0167264
1462,25,F2,D,D_IPL_l,-0.150468
1476,25,F2,I,D_IPL_l,-0.026541
1490,25,F2,irrel,D_IPL_l,-0.0185234
1504,25,F2,rel,D_IPL_l,-0.00376581
1518,26,F1,irrel,D_IPL_l,-0.0182115
1532,26,F1,rel,D_IPL_l,0.132778
1546,26,F2,D,D_IPL_l,-0.105354
1560,26,F2,I,D_IPL_l,-0.00166112
1574,26,F2,irrel,D_IPL_l,-0.0407182
1588,26,F2,rel,D_IPL_l,0.012586
1602,27,F1,irrel,D_IPL_l,0.0146926
1616,27,F1,rel,D_IPL_l,0.0156633
1630,27,F2,D,D_IPL_l,-0.0611487
1644,27,F2,I,D_IPL_l,0.0807642
1658,27,F2,irrel,D_IPL_l,-0.00985341
1672,27,F2,rel,D_IPL_l,0.0445892
1686,28,F1,irrel,D_IPL_l,0.0997519
1700,28,F1,rel,D_IPL_l,-0.0415472
1714,28,F2,D,D_IPL_l,-0.288075
1728,28,F2,I,D_IPL_l,0.0444886
1742,28,F2,irrel,D_IPL_l,-0.110863
1756,28,F2,rel,D_IPL_l,0.0578701
1770,29,F1,irrel,D_IPL_l,-0.0661675
1784,29,F1,rel,D_IPL_l,0.0191426
1798,29,F2,D,D_IPL_l,-0.0710853
1812,29,F2,I,D_IPL_l,0.0868492
1826,29,F2,irrel,D_IPL_l,-0.0430079
1840,29,F2,rel,D_IPL_l,0.0451208
1854,30,F1,irrel,D_IPL_l,0.0578526
1868,30,F1,rel,D_IPL_l,0.0232858
1882,30,F2,D,D_IPL_l,-0.0182625
1896,30,F2,I,D_IPL_l,0.017137
1910,30,F2,irrel,D_IPL_l,-0.0559902
1924,30,F2,rel,D_IPL_l,0.00522917
1938,31,F1,irrel,D_IPL_l,-0.0134292
1952,31,F1,rel,D_IPL_l,0.0130823
1966,31,F2,D,D_IPL_l,-0.0860663
1980,31,F2,I,D_IPL_l,0.0188858
1994,31,F2,irrel,D_IPL_l,-0.0282638
2008,31,F2,rel,D_IPL_l,-0.0500222
7,1,F1,irrel,D_precentral_l,0.0205403
21,1,F1,rel,D_precentral_l,0.0785234
35,1,F2,D,D_precentral_l,-0.0825143
49,1,F2,I,D_precentral_l,-0.00648153
63,1,F2,irrel,D_precentral_l,0.027859
77,1,F2,rel,D_precentral_l,0.0253979
91,2,F1,irrel,D_precentral_l,-0.0338683
105,2,F1,rel,D_precentral_l,0.0264688
119,2,F2,D,D_precentral_l,-0.0290872
133,2,F2,I,D_precentral_l,-0.0757199
147,2,F2,irrel,D_precentral_l,-0.0077687
161,2,F2,rel,D_precentral_l,-0.00446988
175,3,F1,irrel,D_precentral_l,0.00847517
189,3,F1,rel,D_precentral_l,0.00387259
203,3,F2,D,D_precentral_l,-0.0888011
217,3,F2,I,D_precentral_l,0.0259109
231,3,F2,irrel,D_precentral_l,0.0081602
245,3,F2,rel,D_precentral_l,-0.014998
259,4,F1,irrel,D_precentral_l,0.0424447
273,4,F1,rel,D_precentral_l,0.0569022
287,4,F2,D,D_precentral_l,-0.163473
301,4,F2,I,D_precentral_l,-0.0268258
315,4,F2,irrel,D_precentral_l,-0.0141082
329,4,F2,rel,D_precentral_l,-0.0525837
343,6,F1,irrel,D_precentral_l,0.00334406
357,6,F1,rel,D_precentral_l,0.0491821
371,6,F2,D,D_precentral_l,-0.0671096
385,6,F2,I,D_precentral_l,0.031209
399,6,F2,irrel,D_precentral_l,0.0692087
413,6,F2,rel,D_precentral_l,0.00886603
427,7,F1,irrel,D_precentral_l,-0.0377556
441,7,F1,rel,D_precentral_l,0.0221833
455,7,F2,D,D_precentral_l,-0.0578352
469,7,F2,I,D_precentral_l,-0.0301503
483,7,F2,irrel,D_precentral_l,-0.0299745
497,7,F2,rel,D_precentral_l,-0.0251026
511,9,F1,irrel,D_precentral_l,0.00854433
525,9,F1,rel,D_precentral_l,0.131373
539,9,F2,D,D_precentral_l,-0.0331269
553,9,F2,I,D_precentral_l,0.0411396
567,9,F2,irrel,D_precentral_l,0.000944708
581,9,F2,rel,D_precentral_l,0.0316844
595,10,F1,irrel,D_precentral_l,-0.0547555
609,10,F1,rel,D_precentral_l,0.0300443
623,10,F2,D,D_precentral_l,-0.171816
637,10,F2,I,D_precentral_l,-0.0479669
651,10,F2,irrel,D_precentral_l,-0.0714371
665,10,F2,rel,D_precentral_l,0.0488479
679,11,F1,irrel,D_precentral_l,0.0500102
693,11,F1,rel,D_precentral_l,0.0144164
707,11,F2,D,D_precentral_l,-0.102562
721,11,F2,I,D_precentral_l,0.0715064
735,11,F2,irrel,D_precentral_l,-0.0112444
749,11,F2,rel,D_precentral_l,0.0502623
763,15,F1,irrel,D_precentral_l,-0.000875602
777,15,F1,rel,D_precentral_l,-0.00723887
791,15,F2,D,D_precentral_l,-0.0352798
805,15,F2,I,D_precentral_l,0.028704
819,15,F2,irrel,D_precentral_l,-0.00921527
833,15,F2,rel,D_precentral_l,-0.051024
847,17,F1,irrel,D_precentral_l,-0.0206571
861,17,F1,rel,D_precentral_l,-0.0159755
875,17,F2,D,D_precentral_l,-0.289708
889,17,F2,I,D_precentral_l,-0.00115894
903,17,F2,irrel,D_precentral_l,0.0121714
917,17,F2,rel,D_precentral_l,-0.0139929
931,18,F1,irrel,D_precentral_l,0.0197325
945,18,F1,rel,D_precentral_l,0.024633
959,18,F2,D,D_precentral_l,-0.154683
973,18,F2,I,D_precentral_l,0.0435049
987,18,F2,irrel,D_precentral_l,-0.02562
1001,18,F2,rel,D_precentral_l,-0.00858561
1015,19,F1,irrel,D_precentral_l,0.0251715
1029,19,F1,rel,D_precentral_l,0.108723
1043,19,F2,D,D_precentral_l,-0.135192
1057,19,F2,I,D_precentral_l,-0.0868087
1071,19,F2,irrel,D_precentral_l,0.0894971
1085,19,F2,rel,D_precentral_l,0.00367102
1099,21,F1,irrel,D_precentral_l,-0.0555846
1113,21,F1,rel,D_precentral_l,0.078274
1127,21,F2,D,D_precentral_l,-0.10748
1141,21,F2,I,D_precentral_l,0.0821213
1155,21,F2,irrel,D_precentral_l,0.00285659
1169,21,F2,rel,D_precentral_l,-0.0431832
1183,22,F1,irrel,D_precentral_l,0.00269951
1197,22,F1,rel,D_precentral_l,0.0636839
1211,22,F2,D,D_precentral_l,0.00926166
1225,22,F2,I,D_precentral_l,0.0416366
1239,22,F2,irrel,D_precentral_l,-0.0120766
1253,22,F2,rel,D_precentral_l,0.0541069
1267,23,F1,irrel,D_precentral_l,0.00792426
1281,23,F1,rel,D_precentral_l,0.0790629
1295,23,F2,D,D_precentral_l,-0.102855
1309,23,F2,I,D_precentral_l,0.0102307
1323,23,F2,irrel,D_precentral_l,-0.0180536
1337,23,F2,rel,D_precentral_l,-0.0261067
1351,24,F1,irrel,D_precentral_l,-0.00512351
1365,24,F1,rel,D_precentral_l,0.0373599
1379,24,F2,D,D_precentral_l,-0.0223955
1393,24,F2,I,D_precentral_l,0.0505008
1407,24,F2,irrel,D_precentral_l,-0.0284179
1421,24,F2,rel,D_precentral_l,0.00706907
1435,25,F1,irrel,D_precentral_l,-0.0288571
1449,25,F1,rel,D_precentral_l,0.00521644
1463,25,F2,D,D_precentral_l,-0.136933
1477,25,F2,I,D_precentral_l,-0.0467668
1491,25,F2,irrel,D_precentral_l,-0.011351
1505,25,F2,rel,D_precentral_l,0.00757946
1519,26,F1,irrel,D_precentral_l,-0.0423984
1533,26,F1,rel,D_precentral_l,0.0934419
1547,26,F2,D,D_precentral_l,-0.077619
1561,26,F2,I,D_precentral_l,-0.00475327
1575,26,F2,irrel,D_precentral_l,0.00407634
1589,26,F2,rel,D_precentral_l,0.0346113
1603,27,F1,irrel,D_precentral_l,0.054342
1617,27,F1,rel,D_precentral_l,0.0202914
1631,27,F2,D,D_precentral_l,-0.0721007
1645,27,F2,I,D_precentral_l,0.0791252
1659,27,F2,irrel,D_precentral_l,-0.00352832
1673,27,F2,rel,D_precentral_l,0.0579677
1687,28,F1,irrel,D_precentral_l,0.0540861
1701,28,F1,rel,D_precentral_l,-0.00336476
1715,28,F2,D,D_precentral_l,-0.270556
1729,28,F2,I,D_precentral_l,0.029499
1743,28,F2,irrel,D_precentral_l,-0.133682
1757,28,F2,rel,D_precentral_l,0.0487031
1771,29,F1,irrel,D_precentral_l,-0.047598
1785,29,F1,rel,D_precentral_l,0.00319557
1799,29,F2,D,D_precentral_l,-0.0492196
1813,29,F2,I,D_precentral_l,0.0581153
1827,29,F2,irrel,D_precentral_l,-0.0275778
1841,29,F2,rel,D_precentral_l,0.0811024
1855,30,F1,irrel,D_precentral_l,0.0216025
1869,30,F1,rel,D_precentral_l,0.0475625
1883,30,F2,D,D_precentral_l,-0.0625684
1897,30,F2,I,D_precentral_l,0.0134625
1911,30,F2,irrel,D_precentral_l,-0.0603322
1925,30,F2,rel,D_precentral_l,0.0267781
1939,31,F1,irrel,D_precentral_l,-0.0274861
1953,31,F1,rel,D_precentral_l,0.0757512
1967,31,F2,D,D_precentral_l,-0.068263
1981,31,F2,I,D_precentral_l,-0.00343134
1995,31,F2,irrel,D_precentral_l,-0.00290711
2009,31,F2,rel,D_precentral_l,-0.0297668
8,1,F1,irrel,D_precuneus_l,0.0111834
22,1,F1,rel,D_precuneus_l,0.192199
36,1,F2,D,D_precuneus_l,-0.131806
50,1,F2,I,D_precuneus_l,-0.0600641
64,1,F2,irrel,D_precuneus_l,0.0377811
78,1,F2,rel,D_precuneus_l,0.041995
92,2,F1,irrel,D_precuneus_l,-0.206119
106,2,F1,rel,D_precuneus_l,-0.232407
120,2,F2,D,D_precuneus_l,-0.0550345
134,2,F2,I,D_precuneus_l,-0.229511
148,2,F2,irrel,D_precuneus_l,-0.060342
162,2,F2,rel,D_precuneus_l,0.0259985
176,3,F1,irrel,D_precuneus_l,0.0955324
190,3,F1,rel,D_precuneus_l,-0.0912805
204,3,F2,D,D_precuneus_l,-0.187002
218,3,F2,I,D_precuneus_l,-0.107662
232,3,F2,irrel,D_precuneus_l,0.0178475
246,3,F2,rel,D_precuneus_l,-0.0736124
260,4,F1,irrel,D_precuneus_l,0.093332
274,4,F1,rel,D_precuneus_l,0.135653
288,4,F2,D,D_precuneus_l,-0.341054
302,4,F2,I,D_precuneus_l,0.0201426
316,4,F2,irrel,D_precuneus_l,-0.0847429
330,4,F2,rel,D_precuneus_l,-0.10169
344,6,F1,irrel,D_precuneus_l,0.0564254
358,6,F1,rel,D_precuneus_l,0.188111
372,6,F2,D,D_precuneus_l,-0.177929
386,6,F2,I,D_precuneus_l,0.0238694
400,6,F2,irrel,D_precuneus_l,0.0707535
414,6,F2,rel,D_precuneus_l,0.060426
428,7,F1,irrel,D_precuneus_l,0.0131455
442,7,F1,rel,D_precuneus_l,-0.0160004
456,7,F2,D,D_precuneus_l,-0.139719
470,7,F2,I,D_precuneus_l,-0.0687001
484,7,F2,irrel,D_precuneus_l,-0.135045
498,7,F2,rel,D_precuneus_l,-0.118161
512,9,F1,irrel,D_precuneus_l,-0.121743
526,9,F1,rel,D_precuneus_l,0.178724
540,9,F2,D,D_precuneus_l,-0.102632
554,9,F2,I,D_precuneus_l,-0.0934819
568,9,F2,irrel,D_precuneus_l,0.113769
582,9,F2,rel,D_precuneus_l,-0.00526393
596,10,F1,irrel,D_precuneus_l,-0.114618
610,10,F1,rel,D_precuneus_l,0.050583
624,10,F2,D,D_precuneus_l,-0.112633
638,10,F2,I,D_precuneus_l,-0.1552
652,10,F2,irrel,D_precuneus_l,0.0170997
666,10,F2,rel,D_precuneus_l,-0.0776315
680,11,F1,irrel,D_precuneus_l,0.139514
694,11,F1,rel,D_precuneus_l,0.0221272
708,11,F2,D,D_precuneus_l,-0.153241
722,11,F2,I,D_precuneus_l,0.176469
736,11,F2,irrel,D_precuneus_l,-0.0652789
750,11,F2,rel,D_precuneus_l,0.151323
764,15,F1,irrel,D_precuneus_l,0.042612
778,15,F1,rel,D_precuneus_l,-0.0271679
792,15,F2,D,D_precuneus_l,-0.0230542
806,15,F2,I,D_precuneus_l,-0.00283768
820,15,F2,irrel,D_precuneus_l,-0.0523232
834,15,F2,rel,D_precuneus_l,-0.0617309
848,17,F1,irrel,D_precuneus_l,0.0117629
862,17,F1,rel,D_precuneus_l,0.0243638
876,17,F2,D,D_precuneus_l,-0.197512
890,17,F2,I,D_precuneus_l,-0.0147042
904,17,F2,irrel,D_precuneus_l,0.0379953
918,17,F2,rel,D_precuneus_l,-0.0262888
932,18,F1,irrel,D_precuneus_l,0.023963
946,18,F1,rel,D_precuneus_l,0.0344943
960,18,F2,D,D_precuneus_l,-0.293231
974,18,F2,I,D_precuneus_l,0.0971593
988,18,F2,irrel,D_precuneus_l,0.0454304
1002,18,F2,rel,D_precuneus_l,0.0732722
1016,19,F1,irrel,D_precuneus_l,-0.03617
1030,19,F1,rel,D_precuneus_l,0.0974292
1044,19,F2,D,D_precuneus_l,-0.202039
1058,19,F2,I,D_precuneus_l,-0.102352
1072,19,F2,irrel,D_precuneus_l,0.148892
1086,19,F2,rel,D_precuneus_l,0.0734935
1100,21,F1,irrel,D_precuneus_l,-0.00197545
1114,21,F1,rel,D_precuneus_l,0.0499232
1128,21,F2,D,D_precuneus_l,-0.0935709
1142,21,F2,I,D_precuneus_l,0.155332
1156,21,F2,irrel,D_precuneus_l,0.0112538
1170,21,F2,rel,D_precuneus_l,-0.0341793
1184,22,F1,irrel,D_precuneus_l,-0.0612334
1198,22,F1,rel,D_precuneus_l,0.136178
1212,22,F2,D,D_precuneus_l,-0.0733832
1226,22,F2,I,D_precuneus_l,-0.0162481
1240,22,F2,irrel,D_precuneus_l,-0.0348368
1254,22,F2,rel,D_precuneus_l,0.0215813
1268,23,F1,irrel,D_precuneus_l,0.00247899
1282,23,F1,rel,D_precuneus_l,0.0528512
1296,23,F2,D,D_precuneus_l,-0.285759
1310,23,F2,I,D_precuneus_l,-0.00528515
1324,23,F2,irrel,D_precuneus_l,-0.0296556
1338,23,F2,rel,D_precuneus_l,-0.0197232
1352,24,F1,irrel,D_precuneus_l,0.0652333
1366,24,F1,rel,D_precuneus_l,0.0585047
1380,24,F2,D,D_precuneus_l,-0.0156232
1394,24,F2,I,D_precuneus_l,0.0744688
1408,24,F2,irrel,D_precuneus_l,-0.143442
1422,24,F2,rel,D_precuneus_l,-0.14218
1436,25,F1,irrel,D_precuneus_l,-0.044079
1450,25,F1,rel,D_precuneus_l,0.017874
1464,25,F2,D,D_precuneus_l,-0.201705
1478,25,F2,I,D_precuneus_l,-0.0625237
1492,25,F2,irrel,D_precuneus_l,-0.0420058
1506,25,F2,rel,D_precuneus_l,-0.0120931
1520,26,F1,irrel,D_precuneus_l,-0.0332037
1534,26,F1,rel,D_precuneus_l,0.14668
1548,26,F2,D,D_precuneus_l,-0.0642346
1562,26,F2,I,D_precuneus_l,0.00421564
1576,26,F2,irrel,D_precuneus_l,-0.019505
1590,26,F2,rel,D_precuneus_l,0.00691011
1604,27,F1,irrel,D_precuneus_l,-0.0235838
1618,27,F1,rel,D_precuneus_l,0.122845
1632,27,F2,D,D_precuneus_l,-0.0135917
1646,27,F2,I,D_precuneus_l,0.0592012
1660,27,F2,irrel,D_precuneus_l,0.0449582
1674,27,F2,rel,D_precuneus_l,0.248654
1688,28,F1,irrel,D_precuneus_l,0.0993745
1702,28,F1,rel,D_precuneus_l,-0.0339098
1716,28,F2,D,D_precuneus_l,-0.308525
1730,28,F2,I,D_precuneus_l,-0.0394027
1744,28,F2,irrel,D_precuneus_l,-0.081442
1758,28,F2,rel,D_precuneus_l,0.0463393
1772,29,F1,irrel,D_precuneus_l,-0.0482399
1786,29,F1,rel,D_precuneus_l,0.0234697
1800,29,F2,D,D_precuneus_l,-0.0605907
1814,29,F2,I,D_precuneus_l,0.0617511
1828,29,F2,irrel,D_precuneus_l,-0.0613086
1842,29,F2,rel,D_precuneus_l,0.0478496
1856,30,F1,irrel,D_precuneus_l,0.0341682
1870,30,F1,rel,D_precuneus_l,0.0335071
1884,30,F2,D,D_precuneus_l,-0.0684458
1898,30,F2,I,D_precuneus_l,0.0229035
1912,30,F2,irrel,D_precuneus_l,-0.0703236
1926,30,F2,rel,D_precuneus_l,-0.0244894
1940,31,F1,irrel,D_precuneus_l,-0.0517481
1954,31,F1,rel,D_precuneus_l,0.133147
1968,31,F2,D,D_precuneus_l,-0.111203
1982,31,F2,I,D_precuneus_l,-0.0219161
1996,31,F2,irrel,D_precuneus_l,-0.0358219
2010,31,F2,rel,D_precuneus_l,0.000380784
9,1,F1,irrel,F1rel_IPL_l,0.0225392
23,1,F1,rel,F1rel_IPL_l,0.0662021
37,1,F2,D,F1rel_IPL_l,-0.0460571
51,1,F2,I,F1rel_IPL_l,-0.00350062
65,1,F2,irrel,F1rel_IPL_l,0.0265469
79,1,F2,rel,F1rel_IPL_l,-0.0306668
93,2,F1,irrel,F1rel_IPL_l,-0.0273383
107,2,F1,rel,F1rel_IPL_l,0.033441
121,2,F2,D,F1rel_IPL_l,0.000647335
135,2,F2,I,F1rel_IPL_l,-0.138855
149,2,F2,irrel,F1rel_IPL_l,-0.0149524
163,2,F2,rel,F1rel_IPL_l,-0.025332
177,3,F1,irrel,F1rel_IPL_l,-0.0250538
191,3,F1,rel,F1rel_IPL_l,0.00102048
205,3,F2,D,F1rel_IPL_l,-0.094417
219,3,F2,I,F1rel_IPL_l,0.00264616
233,3,F2,irrel,F1rel_IPL_l,0.0331978
247,3,F2,rel,F1rel_IPL_l,-0.00524956
261,4,F1,irrel,F1rel_IPL_l,0.00519314
275,4,F1,rel,F1rel_IPL_l,0.0766151
289,4,F2,D,F1rel_IPL_l,-0.139287
303,4,F2,I,F1rel_IPL_l,-0.142034
317,4,F2,irrel,F1rel_IPL_l,0.0305831
331,4,F2,rel,F1rel_IPL_l,-0.046048
345,6,F1,irrel,F1rel_IPL_l,-0.0305329
359,6,F1,rel,F1rel_IPL_l,0.0552634
373,6,F2,D,F1rel_IPL_l,-0.0140394
387,6,F2,I,F1rel_IPL_l,0.0361413
401,6,F2,irrel,F1rel_IPL_l,0.0226346
415,6,F2,rel,F1rel_IPL_l,-0.0495805
429,7,F1,irrel,F1rel_IPL_l,-0.0211497
443,7,F1,rel,F1rel_IPL_l,0.0247719
457,7,F2,D,F1rel_IPL_l,0.0634166
471,7,F2,I,F1rel_IPL_l,-0.0724579
485,7,F2,irrel,F1rel_IPL_l,-0.0130731
499,7,F2,rel,F1rel_IPL_l,-0.0849107
513,9,F1,irrel,F1rel_IPL_l,0.00777493
527,9,F1,rel,F1rel_IPL_l,0.0709849
541,9,F2,D,F1rel_IPL_l,0.0880677
555,9,F2,I,F1rel_IPL_l,0.0500024
569,9,F2,irrel,F1rel_IPL_l,0.00785807
583,9,F2,rel,F1rel_IPL_l,-0.0481534
597,10,F1,irrel,F1rel_IPL_l,-0.0957147
611,10,F1,rel,F1rel_IPL_l,0.0598828
625,10,F2,D,F1rel_IPL_l,-0.111417
639,10,F2,I,F1rel_IPL_l,-0.114689
653,10,F2,irrel,F1rel_IPL_l,0.0352035
667,10,F2,rel,F1rel_IPL_l,-0.0906006
681,11,F1,irrel,F1rel_IPL_l,0.0363546
695,11,F1,rel,F1rel_IPL_l,0.0678806
709,11,F2,D,F1rel_IPL_l,-0.031889
723,11,F2,I,F1rel_IPL_l,0.0214725
737,11,F2,irrel,F1rel_IPL_l,-0.0019348
751,11,F2,rel,F1rel_IPL_l,0.0206792
765,15,F1,irrel,F1rel_IPL_l,-0.00847741
779,15,F1,rel,F1rel_IPL_l,-0.00721156
793,15,F2,D,F1rel_IPL_l,-0.0341701
807,15,F2,I,F1rel_IPL_l,-0.0312406
821,15,F2,irrel,F1rel_IPL_l,-0.00637439
835,15,F2,rel,F1rel_IPL_l,-0.0782212
849,17,F1,irrel,F1rel_IPL_l,-0.0124975
863,17,F1,rel,F1rel_IPL_l,0.0250805
877,17,F2,D,F1rel_IPL_l,-0.150063
891,17,F2,I,F1rel_IPL_l,0.0269259
905,17,F2,irrel,F1rel_IPL_l,0.000632842
919,17,F2,rel,F1rel_IPL_l,-0.048296
933,18,F1,irrel,F1rel_IPL_l,0.0242196
947,18,F1,rel,F1rel_IPL_l,0.0396464
961,18,F2,D,F1rel_IPL_l,-0.129858
975,18,F2,I,F1rel_IPL_l,0.0804442
989,18,F2,irrel,F1rel_IPL_l,-0.027303
1003,18,F2,rel,F1rel_IPL_l,-0.0416698
1017,19,F1,irrel,F1rel_IPL_l,-0.00248273
1031,19,F1,rel,F1rel_IPL_l,0.121292
1045,19,F2,D,F1rel_IPL_l,-0.0854327
1059,19,F2,I,F1rel_IPL_l,-0.0763927
1073,19,F2,irrel,F1rel_IPL_l,0.0812464
1087,19,F2,rel,F1rel_IPL_l,-0.0127211
1101,21,F1,irrel,F1rel_IPL_l,-0.0412627
1115,21,F1,rel,F1rel_IPL_l,0.0988361
1129,21,F2,D,F1rel_IPL_l,-0.100422
1143,21,F2,I,F1rel_IPL_l,0.0901119
1157,21,F2,irrel,F1rel_IPL_l,0.0196014
1171,21,F2,rel,F1rel_IPL_l,-0.0288435
1185,22,F1,irrel,F1rel_IPL_l,0.0167544
1199,22,F1,rel,F1rel_IPL_l,0.0954589
1213,22,F2,D,F1rel_IPL_l,0.0211988
1227,22,F2,I,F1rel_IPL_l,0.0794854
1241,22,F2,irrel,F1rel_IPL_l,0.00995069
1255,22,F2,rel,F1rel_IPL_l,0.00628356
1269,23,F1,irrel,F1rel_IPL_l,0.0313875
1283,23,F1,rel,F1rel_IPL_l,0.0703589
1297,23,F2,D,F1rel_IPL_l,-0.0256873
1311,23,F2,I,F1rel_IPL_l,0.0258298
1325,23,F2,irrel,F1rel_IPL_l,1.04E-05
1339,23,F2,rel,F1rel_IPL_l,-0.0123598
1353,24,F1,irrel,F1rel_IPL_l,0.0410406
1367,24,F1,rel,F1rel_IPL_l,0.0951915
1381,24,F2,D,F1rel_IPL_l,0.0367612
1395,24,F2,I,F1rel_IPL_l,0.0606426
1409,24,F2,irrel,F1rel_IPL_l,-0.0546305
1423,24,F2,rel,F1rel_IPL_l,-0.0363788
1437,25,F1,irrel,F1rel_IPL_l,-0.00495455
1451,25,F1,rel,F1rel_IPL_l,0.000886259
1465,25,F2,D,F1rel_IPL_l,-0.0743
1479,25,F2,I,F1rel_IPL_l,-0.0395685
1493,25,F2,irrel,F1rel_IPL_l,0.0244363
1507,25,F2,rel,F1rel_IPL_l,-0.0138577
1521,26,F1,irrel,F1rel_IPL_l,-0.0300276
1535,26,F1,rel,F1rel_IPL_l,0.0875422
1549,26,F2,D,F1rel_IPL_l,0.0179963
1563,26,F2,I,F1rel_IPL_l,0.0480501
1577,26,F2,irrel,F1rel_IPL_l,-0.0355099
1591,26,F2,rel,F1rel_IPL_l,0.0310965
1605,27,F1,irrel,F1rel_IPL_l,0.0198885
1619,27,F1,rel,F1rel_IPL_l,0.0680357
1633,27,F2,D,F1rel_IPL_l,-0.0112605
1647,27,F2,I,F1rel_IPL_l,0.0479671
1661,27,F2,irrel,F1rel_IPL_l,-0.00550923
1675,27,F2,rel,F1rel_IPL_l,0.081114
1689,28,F1,irrel,F1rel_IPL_l,0.0317382
1703,28,F1,rel,F1rel_IPL_l,-0.0159045
1717,28,F2,D,F1rel_IPL_l,-0.210093
1731,28,F2,I,F1rel_IPL_l,-0.0201993
1745,28,F2,irrel,F1rel_IPL_l,-0.0719417
1759,28,F2,rel,F1rel_IPL_l,0.00703447
1773,29,F1,irrel,F1rel_IPL_l,0.00284088
1787,29,F1,rel,F1rel_IPL_l,0.0573159
1801,29,F2,D,F1rel_IPL_l,-0.0372601
1815,29,F2,I,F1rel_IPL_l,0.0875625
1829,29,F2,irrel,F1rel_IPL_l,-0.00496443
1843,29,F2,rel,F1rel_IPL_l,0.0230301
1857,30,F1,irrel,F1rel_IPL_l,0.0166712
1871,30,F1,rel,F1rel_IPL_l,0.0285036
1885,30,F2,D,F1rel_IPL_l,-0.0455411
1899,30,F2,I,F1rel_IPL_l,0.0270945
1913,30,F2,irrel,F1rel_IPL_l,-0.0641032
1927,30,F2,rel,F1rel_IPL_l,-0.0239127
1941,31,F1,irrel,F1rel_IPL_l,-0.00710461
1955,31,F1,rel,F1rel_IPL_l,0.0859666
1969,31,F2,D,F1rel_IPL_l,-0.0791678
1983,31,F2,I,F1rel_IPL_l,-0.0211891
1997,31,F2,irrel,F1rel_IPL_l,-0.0269017
2011,31,F2,rel,F1rel_IPL_l,-0.00787588
10,1,F1,irrel,F2rel_precnetral_l,0.0237605
24,1,F1,rel,F2rel_precnetral_l,0.0488648
38,1,F2,D,F2rel_precnetral_l,-0.0510699
52,1,F2,I,F2rel_precnetral_l,-0.0183119
66,1,F2,irrel,F2rel_precnetral_l,-0.017341
80,1,F2,rel,F2rel_precnetral_l,-0.104401
94,2,F1,irrel,F2rel_precnetral_l,-0.009
108,2,F1,rel,F2rel_precnetral_l,0.148438
122,2,F2,D,F2rel_precnetral_l,-0.132814
136,2,F2,I,F2rel_precnetral_l,-0.174213
150,2,F2,irrel,F2rel_precnetral_l,0.040293
164,2,F2,rel,F2rel_precnetral_l,-0.098994
178,3,F1,irrel,F2rel_precnetral_l,-0.00892751
192,3,F1,rel,F2rel_precnetral_l,-0.011042
206,3,F2,D,F2rel_precnetral_l,-0.0542081
220,3,F2,I,F2rel_precnetral_l,0.0388243
234,3,F2,irrel,F2rel_precnetral_l,-0.0295478
248,3,F2,rel,F2rel_precnetral_l,-0.0305765
262,4,F1,irrel,F2rel_precnetral_l,0.080841
276,4,F1,rel,F2rel_precnetral_l,0.175044
290,4,F2,D,F2rel_precnetral_l,-0.325806
304,4,F2,I,F2rel_precnetral_l,0.216624
318,4,F2,irrel,F2rel_precnetral_l,-0.199626
332,4,F2,rel,F2rel_precnetral_l,-0.2693
346,6,F1,irrel,F2rel_precnetral_l,-0.0777268
360,6,F1,rel,F2rel_precnetral_l,0.078519
374,6,F2,D,F2rel_precnetral_l,-0.0675419
388,6,F2,I,F2rel_precnetral_l,0.0474607
402,6,F2,irrel,F2rel_precnetral_l,0.0130089
416,6,F2,rel,F2rel_precnetral_l,-0.0710274
430,7,F1,irrel,F2rel_precnetral_l,-0.00782515
444,7,F1,rel,F2rel_precnetral_l,0.0540618
458,7,F2,D,F2rel_precnetral_l,-0.05241
472,7,F2,I,F2rel_precnetral_l,-0.13194
486,7,F2,irrel,F2rel_precnetral_l,-0.0718125
500,7,F2,rel,F2rel_precnetral_l,-0.141737
514,9,F1,irrel,F2rel_precnetral_l,0.025548
528,9,F1,rel,F2rel_precnetral_l,0.0479766
542,9,F2,D,F2rel_precnetral_l,0.174495
556,9,F2,I,F2rel_precnetral_l,0.140038
570,9,F2,irrel,F2rel_precnetral_l,0.0319534
584,9,F2,rel,F2rel_precnetral_l,-0.0871322
598,10,F1,irrel,F2rel_precnetral_l,-0.0578581
612,10,F1,rel,F2rel_precnetral_l,0.0087751
626,10,F2,D,F2rel_precnetral_l,-0.0241978
640,10,F2,I,F2rel_precnetral_l,-0.00231444
654,10,F2,irrel,F2rel_precnetral_l,-0.0750233
668,10,F2,rel,F2rel_precnetral_l,-0.109269
682,11,F1,irrel,F2rel_precnetral_l,0.117315
696,11,F1,rel,F2rel_precnetral_l,0.153944
710,11,F2,D,F2rel_precnetral_l,0.0494901
724,11,F2,I,F2rel_precnetral_l,-0.0356676
738,11,F2,irrel,F2rel_precnetral_l,-0.0538932
752,11,F2,rel,F2rel_precnetral_l,-0.00891008
766,15,F1,irrel,F2rel_precnetral_l,0.0732038
780,15,F1,rel,F2rel_precnetral_l,0.0135106
794,15,F2,D,F2rel_precnetral_l,-0.052654
808,15,F2,I,F2rel_precnetral_l,0.0100988
822,15,F2,irrel,F2rel_precnetral_l,0.0183493
836,15,F2,rel,F2rel_precnetral_l,-0.111067
850,17,F1,irrel,F2rel_precnetral_l,0.0328642
864,17,F1,rel,F2rel_precnetral_l,0.0658915
878,17,F2,D,F2rel_precnetral_l,-0.236824
892,17,F2,I,F2rel_precnetral_l,0.0770598
906,17,F2,irrel,F2rel_precnetral_l,0.00402447
920,17,F2,rel,F2rel_precnetral_l,-0.11063
934,18,F1,irrel,F2rel_precnetral_l,0.0273764
948,18,F1,rel,F2rel_precnetral_l,0.0893769
962,18,F2,D,F2rel_precnetral_l,-0.193235
976,18,F2,I,F2rel_precnetral_l,0.00997461
990,18,F2,irrel,F2rel_precnetral_l,0.0547347
1004,18,F2,rel,F2rel_precnetral_l,-0.120789
1018,19,F1,irrel,F2rel_precnetral_l,0.110936
1032,19,F1,rel,F2rel_precnetral_l,0.0549349
1046,19,F2,D,F2rel_precnetral_l,0.210917
1060,19,F2,I,F2rel_precnetral_l,0.121738
1074,19,F2,irrel,F2rel_precnetral_l,0.0424534
1088,19,F2,rel,F2rel_precnetral_l,-0.0894626
1102,21,F1,irrel,F2rel_precnetral_l,-0.0477999
1116,21,F1,rel,F2rel_precnetral_l,0.105227
1130,21,F2,D,F2rel_precnetral_l,-0.137166
1144,21,F2,I,F2rel_precnetral_l,0.0552199
1158,21,F2,irrel,F2rel_precnetral_l,0.0270957
1172,21,F2,rel,F2rel_precnetral_l,-0.0469957
1186,22,F1,irrel,F2rel_precnetral_l,0.00130557
1200,22,F1,rel,F2rel_precnetral_l,0.225519
1214,22,F2,D,F2rel_precnetral_l,-0.100213
1228,22,F2,I,F2rel_precnetral_l,0.151445
1242,22,F2,irrel,F2rel_precnetral_l,-0.142289
1256,22,F2,rel,F2rel_precnetral_l,-0.118549
1270,23,F1,irrel,F2rel_precnetral_l,0.0183003
1284,23,F1,rel,F2rel_precnetral_l,0.24636
1298,23,F2,D,F2rel_precnetral_l,0.0021176
1312,23,F2,I,F2rel_precnetral_l,0.0159679
1326,23,F2,irrel,F2rel_precnetral_l,-0.0263072
1340,23,F2,rel,F2rel_precnetral_l,-0.146046
1354,24,F1,irrel,F2rel_precnetral_l,-0.0684686
1368,24,F1,rel,F2rel_precnetral_l,0.126043
1382,24,F2,D,F2rel_precnetral_l,0.261139
1396,24,F2,I,F2rel_precnetral_l,0.185521
1410,24,F2,irrel,F2rel_precnetral_l,-0.169365
1424,24,F2,rel,F2rel_precnetral_l,-0.119224
1438,25,F1,irrel,F2rel_precnetral_l,0.0451559
1452,25,F1,rel,F2rel_precnetral_l,0.0685449
1466,25,F2,D,F2rel_precnetral_l,-0.0067983
1480,25,F2,I,F2rel_precnetral_l,-0.0514634
1494,25,F2,irrel,F2rel_precnetral_l,0.0698271
1508,25,F2,rel,F2rel_precnetral_l,-0.0688536
1522,26,F1,irrel,F2rel_precnetral_l,-0.0930609
1536,26,F1,rel,F2rel_precnetral_l,0.111995
1550,26,F2,D,F2rel_precnetral_l,0.0974652
1564,26,F2,I,F2rel_precnetral_l,0.112668
1578,26,F2,irrel,F2rel_precnetral_l,0.0341865
1592,26,F2,rel,F2rel_precnetral_l,-0.0180049
1606,27,F1,irrel,F2rel_precnetral_l,0.0377534
1620,27,F1,rel,F2rel_precnetral_l,0.0176704
1634,27,F2,D,F2rel_precnetral_l,-0.0708945
1648,27,F2,I,F2rel_precnetral_l,0.0621117
1662,27,F2,irrel,F2rel_precnetral_l,0.0118626
1676,27,F2,rel,F2rel_precnetral_l,-0.0204083
1690,28,F1,irrel,F2rel_precnetral_l,0.0124257
1704,28,F1,rel,F2rel_precnetral_l,-0.0162174
1718,28,F2,D,F2rel_precnetral_l,-0.117222
1732,28,F2,I,F2rel_precnetral_l,-0.0503206
1746,28,F2,irrel,F2rel_precnetral_l,-0.0311922
1760,28,F2,rel,F2rel_precnetral_l,-0.0252584
1774,29,F1,irrel,F2rel_precnetral_l,-0.0121493
1788,29,F1,rel,F2rel_precnetral_l,0.0157976
1802,29,F2,D,F2rel_precnetral_l,-0.030069
1816,29,F2,I,F2rel_precnetral_l,0.0783113
1830,29,F2,irrel,F2rel_precnetral_l,0.0230548
1844,29,F2,rel,F2rel_precnetral_l,-0.0144161
1858,30,F1,irrel,F2rel_precnetral_l,0.00680899
1872,30,F1,rel,F2rel_precnetral_l,0.0620296
1886,30,F2,D,F2rel_precnetral_l,-0.00835753
1900,30,F2,I,F2rel_precnetral_l,0.07273
1914,30,F2,irrel,F2rel_precnetral_l,-0.0543282
1928,30,F2,rel,F2rel_precnetral_l,-0.0795757
1942,31,F1,irrel,F2rel_precnetral_l,-0.0292858
1956,31,F1,rel,F2rel_precnetral_l,0.109749
1970,31,F2,D,F2rel_precnetral_l,0.0188464
1984,31,F2,I,F2rel_precnetral_l,-0.0135195
1998,31,F2,irrel,F2rel_precnetral_l,-0.00779177
2012,31,F2,rel,F2rel_precnetral_l,-0.0312637
11,1,F1,irrel,I_precentral_l,0.0515721
25,1,F1,rel,I_precentral_l,-0.00297976
39,1,F2,D,I_precentral_l,-0.0309934
53,1,F2,I,I_precentral_l,0.0031616
67,1,F2,irrel,I_precentral_l,-0.0309835
81,1,F2,rel,I_precentral_l,-0.0544871
95,2,F1,irrel,I_precentral_l,-0.038923
109,2,F1,rel,I_precentral_l,-0.0294386
123,2,F2,D,I_precentral_l,0.00602595
137,2,F2,I,I_precentral_l,-0.0629574
151,2,F2,irrel,I_precentral_l,0.0267449
165,2,F2,rel,I_precentral_l,0.0162563
179,3,F1,irrel,I_precentral_l,-0.0094293
193,3,F1,rel,I_precentral_l,-0.00413905
207,3,F2,D,I_precentral_l,0.0100499
221,3,F2,I,I_precentral_l,0.0719179
235,3,F2,irrel,I_precentral_l,0.023737
249,3,F2,rel,I_precentral_l,-0.0217911
263,4,F1,irrel,I_precentral_l,0.00717147
277,4,F1,rel,I_precentral_l,0.0479629
291,4,F2,D,I_precentral_l,-0.155899
305,4,F2,I,I_precentral_l,0.0702492
319,4,F2,irrel,I_precentral_l,-0.0488483
333,4,F2,rel,I_precentral_l,-0.0952172
347,6,F1,irrel,I_precentral_l,-0.0285844
361,6,F1,rel,I_precentral_l,0.0604732
375,6,F2,D,I_precentral_l,-0.00832384
389,6,F2,I,I_precentral_l,0.0339072
403,6,F2,irrel,I_precentral_l,0.0176014
417,6,F2,rel,I_precentral_l,-0.040151
431,7,F1,irrel,I_precentral_l,-0.0695777
445,7,F1,rel,I_precentral_l,0.0365573
459,7,F2,D,I_precentral_l,-0.0232189
473,7,F2,I,I_precentral_l,-0.00815378
487,7,F2,irrel,I_precentral_l,-0.0274784
501,7,F2,rel,I_precentral_l,-0.084149
515,9,F1,irrel,I_precentral_l,0.0758595
529,9,F1,rel,I_precentral_l,0.0103442
543,9,F2,D,I_precentral_l,0.055905
557,9,F2,I,I_precentral_l,0.0564924
571,9,F2,irrel,I_precentral_l,-0.00952686
585,9,F2,rel,I_precentral_l,-0.038269
599,10,F1,irrel,I_precentral_l,-0.0427873
613,10,F1,rel,I_precentral_l,0.0273288
627,10,F2,D,I_precentral_l,0.051815
641,10,F2,I,I_precentral_l,0.0431602
655,10,F2,irrel,I_precentral_l,0.00342309
669,10,F2,rel,I_precentral_l,-0.0245162
683,11,F1,irrel,I_precentral_l,0.0664677
697,11,F1,rel,I_precentral_l,0.00945766
711,11,F2,D,I_precentral_l,-0.0170512
725,11,F2,I,I_precentral_l,0.00591837
739,11,F2,irrel,I_precentral_l,-0.0344383
753,11,F2,rel,I_precentral_l,0.0278912
767,15,F1,irrel,I_precentral_l,0.0256905
781,15,F1,rel,I_precentral_l,-0.00198225
795,15,F2,D,I_precentral_l,-0.0336684
809,15,F2,I,I_precentral_l,0.0335019
823,15,F2,irrel,I_precentral_l,0.0061614
837,15,F2,rel,I_precentral_l,-0.0633442
851,17,F1,irrel,I_precentral_l,-0.00843912
865,17,F1,rel,I_precentral_l,-0.00976458
879,17,F2,D,I_precentral_l,-0.111705
893,17,F2,I,I_precentral_l,0.0416818
907,17,F2,irrel,I_precentral_l,0.0200508
921,17,F2,rel,I_precentral_l,-0.0369332
935,18,F1,irrel,I_precentral_l,0.0402979
949,18,F1,rel,I_precentral_l,0.0365787
963,18,F2,D,I_precentral_l,-0.195513
977,18,F2,I,I_precentral_l,0.138436
991,18,F2,irrel,I_precentral_l,-0.000534425
1005,18,F2,rel,I_precentral_l,-0.0586651
1019,19,F1,irrel,I_precentral_l,0.0313585
1033,19,F1,rel,I_precentral_l,-0.0112826
1047,19,F2,D,I_precentral_l,0.169893
1061,19,F2,I,I_precentral_l,0.0625406
1075,19,F2,irrel,I_precentral_l,0.0209409
1089,19,F2,rel,I_precentral_l,0.00251978
1103,21,F1,irrel,I_precentral_l,-0.0634153
1117,21,F1,rel,I_precentral_l,0.0800207
1131,21,F2,D,I_precentral_l,-0.0621723
1145,21,F2,I,I_precentral_l,0.0802004
1159,21,F2,irrel,I_precentral_l,0.00988705
1173,21,F2,rel,I_precentral_l,0.0088441
1187,22,F1,irrel,I_precentral_l,-0.00289374
1201,22,F1,rel,I_precentral_l,0.0170841
1215,22,F2,D,I_precentral_l,0.0774417
1229,22,F2,I,I_precentral_l,0.0437066
1243,22,F2,irrel,I_precentral_l,-0.0721676
1257,22,F2,rel,I_precentral_l,-0.025987
1271,23,F1,irrel,I_precentral_l,0.0197236
1285,23,F1,rel,I_precentral_l,0.0301226
1299,23,F2,D,I_precentral_l,0.00576138
1313,23,F2,I,I_precentral_l,0.0921687
1327,23,F2,irrel,I_precentral_l,0.000466531
1341,23,F2,rel,I_precentral_l,-0.0173872
1355,24,F1,irrel,I_precentral_l,-0.0365704
1369,24,F1,rel,I_precentral_l,0.0297754
1383,24,F2,D,I_precentral_l,0.0892445
1397,24,F2,I,I_precentral_l,0.122309
1411,24,F2,irrel,I_precentral_l,-0.0223444
1425,24,F2,rel,I_precentral_l,0.0380801
1439,25,F1,irrel,I_precentral_l,0.0320903
1453,25,F1,rel,I_precentral_l,-0.0526448
1467,25,F2,D,I_precentral_l,-0.0294995
1481,25,F2,I,I_precentral_l,0.00491688
1495,25,F2,irrel,I_precentral_l,0.0183553
1509,25,F2,rel,I_precentral_l,0.0271582
1523,26,F1,irrel,I_precentral_l,-0.0418096
1537,26,F1,rel,I_precentral_l,0.00708501
1551,26,F2,D,I_precentral_l,0.0433874
1565,26,F2,I,I_precentral_l,0.00436765
1579,26,F2,irrel,I_precentral_l,0.0145588
1593,26,F2,rel,I_precentral_l,0.0505879
1607,27,F1,irrel,I_precentral_l,0.0485136
1621,27,F1,rel,I_precentral_l,-0.0429574
1635,27,F2,D,I_precentral_l,-0.049106
1649,27,F2,I,I_precentral_l,0.096453
1663,27,F2,irrel,I_precentral_l,0.0121403
1677,27,F2,rel,I_precentral_l,0.0659938
1691,28,F1,irrel,I_precentral_l,0.0223481
1705,28,F1,rel,I_precentral_l,-0.00201403
1719,28,F2,D,I_precentral_l,-0.178356
1733,28,F2,I,I_precentral_l,0.0255988
1747,28,F2,irrel,I_precentral_l,-0.0590661
1761,28,F2,rel,I_precentral_l,0.0122987
1775,29,F1,irrel,I_precentral_l,-0.0356104
1789,29,F1,rel,I_precentral_l,0.00428779
1803,29,F2,D,I_precentral_l,-0.0926021
1817,29,F2,I,I_precentral_l,0.0909587
1831,29,F2,irrel,I_precentral_l,0.000306285
1845,29,F2,rel,I_precentral_l,0.061705
1859,30,F1,irrel,I_precentral_l,-0.00588144
1873,30,F1,rel,I_precentral_l,0.00917715
1887,30,F2,D,I_precentral_l,0.0209325
1901,30,F2,I,I_precentral_l,0.081367
1915,30,F2,irrel,I_precentral_l,-0.0266907
1929,30,F2,rel,I_precentral_l,0.00323938
1943,31,F1,irrel,I_precentral_l,-0.0226893
1957,31,F1,rel,I_precentral_l,0.043592
1971,31,F2,D,I_precentral_l,0.000337035
1985,31,F2,I,I_precentral_l,0.0222399
1999,31,F2,irrel,I_precentral_l,-0.00452352
2013,31,F2,rel,I_precentral_l,-0.0157326
12,1,F1,irrel,unrel_IFG_l,0.00818676
26,1,F1,rel,unrel_IFG_l,0.0313495
40,1,F2,D,unrel_IFG_l,-0.0599354
54,1,F2,I,unrel_IFG_l,-0.00449233
68,1,F2,irrel,unrel_IFG_l,0.0134565
82,1,F2,rel,unrel_IFG_l,0.0194
96,2,F1,irrel,unrel_IFG_l,-0.035347
110,2,F1,rel,unrel_IFG_l,-0.025548
124,2,F2,D,unrel_IFG_l,0.0152584
138,2,F2,I,unrel_IFG_l,-0.00402698
152,2,F2,irrel,unrel_IFG_l,0.00392401
166,2,F2,rel,unrel_IFG_l,0.0410964
180,3,F1,irrel,unrel_IFG_l,-0.00214507
194,3,F1,rel,unrel_IFG_l,-0.00603646
208,3,F2,D,unrel_IFG_l,-0.0309274
222,3,F2,I,unrel_IFG_l,0.0372832
236,3,F2,irrel,unrel_IFG_l,-0.00579692
250,3,F2,rel,unrel_IFG_l,0.0156651
264,4,F1,irrel,unrel_IFG_l,-0.00675069
278,4,F1,rel,unrel_IFG_l,0.0414163
292,4,F2,D,unrel_IFG_l,-0.0799721
306,4,F2,I,unrel_IFG_l,-0.107381
320,4,F2,irrel,unrel_IFG_l,0.0382043
334,4,F2,rel,unrel_IFG_l,-0.0280479
348,6,F1,irrel,unrel_IFG_l,-0.00370421
362,6,F1,rel,unrel_IFG_l,0.00993454
376,6,F2,D,unrel_IFG_l,-0.0297004
390,6,F2,I,unrel_IFG_l,0.0213228
404,6,F2,irrel,unrel_IFG_l,0.0625464
418,6,F2,rel,unrel_IFG_l,0.01775
432,7,F1,irrel,unrel_IFG_l,-0.0515033
446,7,F1,rel,unrel_IFG_l,0.00177978
460,7,F2,D,unrel_IFG_l,-0.0111157
474,7,F2,I,unrel_IFG_l,-0.00346988
488,7,F2,irrel,unrel_IFG_l,-0.0296365
502,7,F2,rel,unrel_IFG_l,-0.0447147
516,9,F1,irrel,unrel_IFG_l,-0.0202156
530,9,F1,rel,unrel_IFG_l,-0.0496642
544,9,F2,D,unrel_IFG_l,-0.0283019
558,9,F2,I,unrel_IFG_l,0.00129152
572,9,F2,irrel,unrel_IFG_l,0.0218897
586,9,F2,rel,unrel_IFG_l,0.0418408
600,10,F1,irrel,unrel_IFG_l,-0.0726414
614,10,F1,rel,unrel_IFG_l,-0.0648164
628,10,F2,D,unrel_IFG_l,0.175249
642,10,F2,I,unrel_IFG_l,-0.0116132
656,10,F2,irrel,unrel_IFG_l,0.00845673
670,10,F2,rel,unrel_IFG_l,0.0100237
684,11,F1,irrel,unrel_IFG_l,0.0346672
698,11,F1,rel,unrel_IFG_l,-0.0180424
712,11,F2,D,unrel_IFG_l,-0.0252643
726,11,F2,I,unrel_IFG_l,0.0170209
740,11,F2,irrel,unrel_IFG_l,-0.0131738
754,11,F2,rel,unrel_IFG_l,0.0527504
768,15,F1,irrel,unrel_IFG_l,-0.00336527
782,15,F1,rel,unrel_IFG_l,-0.00208473
796,15,F2,D,unrel_IFG_l,-0.0335551
810,15,F2,I,unrel_IFG_l,0.0300981
824,15,F2,irrel,unrel_IFG_l,-0.0188801
838,15,F2,rel,unrel_IFG_l,-0.017464
852,17,F1,irrel,unrel_IFG_l,-0.0516393
866,17,F1,rel,unrel_IFG_l,-0.0776371
880,17,F2,D,unrel_IFG_l,-0.187545
894,17,F2,I,unrel_IFG_l,-0.027457
908,17,F2,irrel,unrel_IFG_l,0.027399
922,17,F2,rel,unrel_IFG_l,0.0134009
936,18,F1,irrel,unrel_IFG_l,0.019566
950,18,F1,rel,unrel_IFG_l,0.00821683
964,18,F2,D,unrel_IFG_l,-0.204719
978,18,F2,I,unrel_IFG_l,0.109753
992,18,F2,irrel,unrel_IFG_l,0.00379327
1006,18,F2,rel,unrel_IFG_l,-0.0136072
1020,19,F1,irrel,unrel_IFG_l,-0.023888
1034,19,F1,rel,unrel_IFG_l,-0.012366
1048,19,F2,D,unrel_IFG_l,-0.0830317
1062,19,F2,I,unrel_IFG_l,-0.0554258
1076,19,F2,irrel,unrel_IFG_l,0.0402804
1090,19,F2,rel,unrel_IFG_l,0.0103019
1104,21,F1,irrel,unrel_IFG_l,-0.0272682
1118,21,F1,rel,unrel_IFG_l,0.0359241
1132,21,F2,D,unrel_IFG_l,-0.0439573
1146,21,F2,I,unrel_IFG_l,0.0799006
1160,21,F2,irrel,unrel_IFG_l,-0.0167501
1174,21,F2,rel,unrel_IFG_l,-0.00187397
1188,22,F1,irrel,unrel_IFG_l,0.0225416
1202,22,F1,rel,unrel_IFG_l,0.0680683
1216,22,F2,D,unrel_IFG_l,0.0714891
1230,22,F2,I,unrel_IFG_l,0.0180347
1244,22,F2,irrel,unrel_IFG_l,0.0500418
1258,22,F2,rel,unrel_IFG_l,0.0628745
1272,23,F1,irrel,unrel_IFG_l,-0.00327065
1286,23,F1,rel,unrel_IFG_l,-0.00996734
1300,23,F2,D,unrel_IFG_l,-0.026393
1314,23,F2,I,unrel_IFG_l,0.0744961
1328,23,F2,irrel,unrel_IFG_l,-0.0109879
1342,23,F2,rel,unrel_IFG_l,-0.00282352
1356,24,F1,irrel,unrel_IFG_l,0.0479727
1370,24,F1,rel,unrel_IFG_l,0.0494753
1384,24,F2,D,unrel_IFG_l,0.0423316
1398,24,F2,I,unrel_IFG_l,0.0851723
1412,24,F2,irrel,unrel_IFG_l,0.0261674
1426,24,F2,rel,unrel_IFG_l,-0.0230771
1440,25,F1,irrel,unrel_IFG_l,-0.026919
1454,25,F1,rel,unrel_IFG_l,-0.0342559
1468,25,F2,D,unrel_IFG_l,-0.0938873
1482,25,F2,I,unrel_IFG_l,0.0200348
1496,25,F2,irrel,unrel_IFG_l,0.00945484
1510,25,F2,rel,unrel_IFG_l,0.0258713
1524,26,F1,irrel,unrel_IFG_l,-0.0301083
1538,26,F1,rel,unrel_IFG_l,0.0187625
1552,26,F2,D,unrel_IFG_l,-0.00454403
1566,26,F2,I,unrel_IFG_l,0.000728215
1580,26,F2,irrel,unrel_IFG_l,0.0373912
1594,26,F2,rel,unrel_IFG_l,0.0380514
1608,27,F1,irrel,unrel_IFG_l,0.0130772
1622,27,F1,rel,unrel_IFG_l,-0.0301924
1636,27,F2,D,unrel_IFG_l,-0.0107577
1650,27,F2,I,unrel_IFG_l,0.0765376
1664,27,F2,irrel,unrel_IFG_l,0.0125859
1678,27,F2,rel,unrel_IFG_l,0.0345032
1692,28,F1,irrel,unrel_IFG_l,0.0295067
1706,28,F1,rel,unrel_IFG_l,-0.0281731
1720,28,F2,D,unrel_IFG_l,-0.0933973
1734,28,F2,I,unrel_IFG_l,0.024639
1748,28,F2,irrel,unrel_IFG_l,-0.0621798
1762,28,F2,rel,unrel_IFG_l,-0.0120948
1776,29,F1,irrel,unrel_IFG_l,-0.0225661
1790,29,F1,rel,unrel_IFG_l,-0.00261578
1804,29,F2,D,unrel_IFG_l,-0.0475425
1818,29,F2,I,unrel_IFG_l,0.0425206
1832,29,F2,irrel,unrel_IFG_l,0.00616525
1846,29,F2,rel,unrel_IFG_l,0.0311809
1860,30,F1,irrel,unrel_IFG_l,0.0233128
1874,30,F1,rel,unrel_IFG_l,0.00068575
1888,30,F2,D,unrel_IFG_l,-0.0828256
1902,30,F2,I,unrel_IFG_l,0.0352702
1916,30,F2,irrel,unrel_IFG_l,-0.0289424
1930,30,F2,rel,unrel_IFG_l,0.0158011
1944,31,F1,irrel,unrel_IFG_l,-0.00288233
1958,31,F1,rel,unrel_IFG_l,-0.0116421
1972,31,F2,D,unrel_IFG_l,0.0200553
1986,31,F2,I,unrel_IFG_l,0.0646148
2000,31,F2,irrel,unrel_IFG_l,0.0353118
2014,31,F2,rel,unrel_IFG_l,-0.0211976
13,1,F1,irrel,unrel_IPL_l,0.0123237
27,1,F1,rel,unrel_IPL_l,0.0660247
41,1,F2,D,unrel_IPL_l,-0.0567458
55,1,F2,I,unrel_IPL_l,-0.00387476
69,1,F2,irrel,unrel_IPL_l,0.00334084
83,1,F2,rel,unrel_IPL_l,-0.0176611
97,2,F1,irrel,unrel_IPL_l,-0.0486412
111,2,F1,rel,unrel_IPL_l,-0.00767622
125,2,F2,D,unrel_IPL_l,0.0106663
139,2,F2,I,unrel_IPL_l,-0.0862165
153,2,F2,irrel,unrel_IPL_l,-0.048453
167,2,F2,rel,unrel_IPL_l,-0.0134188
181,3,F1,irrel,unrel_IPL_l,0.00295698
195,3,F1,rel,unrel_IPL_l,0.0122634
209,3,F2,D,unrel_IPL_l,-0.0144934
223,3,F2,I,unrel_IPL_l,0.0210647
237,3,F2,irrel,unrel_IPL_l,0.00635932
251,3,F2,rel,unrel_IPL_l,-0.0504566
265,4,F1,irrel,unrel_IPL_l,-0.00118749
279,4,F1,rel,unrel_IPL_l,0.0661096
293,4,F2,D,unrel_IPL_l,-0.135561
307,4,F2,I,unrel_IPL_l,-0.16236
321,4,F2,irrel,unrel_IPL_l,0.0681222
335,4,F2,rel,unrel_IPL_l,-0.0102401
349,6,F1,irrel,unrel_IPL_l,0.0179782
363,6,F1,rel,unrel_IPL_l,0.0212305
377,6,F2,D,unrel_IPL_l,-0.0479276
391,6,F2,I,unrel_IPL_l,0.0148101
405,6,F2,irrel,unrel_IPL_l,0.0413265
419,6,F2,rel,unrel_IPL_l,0.00954155
433,7,F1,irrel,unrel_IPL_l,-0.0457572
447,7,F1,rel,unrel_IPL_l,-0.00887249
461,7,F2,D,unrel_IPL_l,-0.00422542
475,7,F2,I,unrel_IPL_l,-0.0567452
489,7,F2,irrel,unrel_IPL_l,-0.0314485
503,7,F2,rel,unrel_IPL_l,-0.0648665
517,9,F1,irrel,unrel_IPL_l,-0.0226325
531,9,F1,rel,unrel_IPL_l,0.0772377
545,9,F2,D,unrel_IPL_l,0.0308842
559,9,F2,I,unrel_IPL_l,-0.000702845
573,9,F2,irrel,unrel_IPL_l,-0.00964253
587,9,F2,rel,unrel_IPL_l,-0.0206824
601,10,F1,irrel,unrel_IPL_l,-0.0672306
615,10,F1,rel,unrel_IPL_l,0.00789198
629,10,F2,D,unrel_IPL_l,-0.193555
643,10,F2,I,unrel_IPL_l,0.013678
657,10,F2,irrel,unrel_IPL_l,-0.00872553
671,10,F2,rel,unrel_IPL_l,0.0397187
685,11,F1,irrel,unrel_IPL_l,0.0549245
699,11,F1,rel,unrel_IPL_l,-0.0140437
713,11,F2,D,unrel_IPL_l,-0.0275413
727,11,F2,I,unrel_IPL_l,0.0882605
741,11,F2,irrel,unrel_IPL_l,0.0183441
755,11,F2,rel,unrel_IPL_l,0.0869235
769,15,F1,irrel,unrel_IPL_l,0.00772685
783,15,F1,rel,unrel_IPL_l,0.0195552
797,15,F2,D,unrel_IPL_l,-0.0145242
811,15,F2,I,unrel_IPL_l,-0.0120611
825,15,F2,irrel,unrel_IPL_l,-0.00271769
839,15,F2,rel,unrel_IPL_l,-0.0390523
853,17,F1,irrel,unrel_IPL_l,-0.0318049
867,17,F1,rel,unrel_IPL_l,-0.0179798
881,17,F2,D,unrel_IPL_l,-0.120515
895,17,F2,I,unrel_IPL_l,-0.0235796
909,17,F2,irrel,unrel_IPL_l,-0.0216793
923,17,F2,rel,unrel_IPL_l,0.0228814
937,18,F1,irrel,unrel_IPL_l,0.0373382
951,18,F1,rel,unrel_IPL_l,0.0116848
965,18,F2,D,unrel_IPL_l,-0.117455
979,18,F2,I,unrel_IPL_l,0.122039
993,18,F2,irrel,unrel_IPL_l,0.00113011
1007,18,F2,rel,unrel_IPL_l,-0.0119481
1021,19,F1,irrel,unrel_IPL_l,0.0366941
1035,19,F1,rel,unrel_IPL_l,0.0584374
1049,19,F2,D,unrel_IPL_l,-0.0699808
1063,19,F2,I,unrel_IPL_l,-0.166831
1077,19,F2,irrel,unrel_IPL_l,0.110364
1091,19,F2,rel,unrel_IPL_l,0.015827
1105,21,F1,irrel,unrel_IPL_l,-0.00294462
1119,21,F1,rel,unrel_IPL_l,0.0431135
1133,21,F2,D,unrel_IPL_l,-0.0727069
1147,21,F2,I,unrel_IPL_l,0.0711331
1161,21,F2,irrel,unrel_IPL_l,-0.0223512
1175,21,F2,rel,unrel_IPL_l,-0.0349097
1189,22,F1,irrel,unrel_IPL_l,0.0432639
1203,22,F1,rel,unrel_IPL_l,0.090204
1217,22,F2,D,unrel_IPL_l,-0.074562
1231,22,F2,I,unrel_IPL_l,-0.00787114
1245,22,F2,irrel,unrel_IPL_l,-0.0317682
1259,22,F2,rel,unrel_IPL_l,0.00728119
1273,23,F1,irrel,unrel_IPL_l,0.0133713
1287,23,F1,rel,unrel_IPL_l,0.0490736
1301,23,F2,D,unrel_IPL_l,-0.0777492
1315,23,F2,I,unrel_IPL_l,0.0488851
1329,23,F2,irrel,unrel_IPL_l,-0.0383851
1343,23,F2,rel,unrel_IPL_l,-0.0258188
1357,24,F1,irrel,unrel_IPL_l,0.0213759
1371,24,F1,rel,unrel_IPL_l,0.0225534
1385,24,F2,D,unrel_IPL_l,-0.0256305
1399,24,F2,I,unrel_IPL_l,0.0625454
1413,24,F2,irrel,unrel_IPL_l,-0.036866
1427,24,F2,rel,unrel_IPL_l,-0.0169882
1441,25,F1,irrel,unrel_IPL_l,-0.00741844
1455,25,F1,rel,unrel_IPL_l,-0.0165322
1469,25,F2,D,unrel_IPL_l,-0.100398
1483,25,F2,I,unrel_IPL_l,-0.00205374
1497,25,F2,irrel,unrel_IPL_l,0.0130967
1511,25,F2,rel,unrel_IPL_l,0.00929088
1525,26,F1,irrel,unrel_IPL_l,0.0183891
1539,26,F1,rel,unrel_IPL_l,0.0790666
1553,26,F2,D,unrel_IPL_l,-0.0923434
1567,26,F2,I,unrel_IPL_l,-0.000137354
1581,26,F2,irrel,unrel_IPL_l,-0.0318207
1595,26,F2,rel,unrel_IPL_l,0.0126188
1609,27,F1,irrel,unrel_IPL_l,0.0201228
1623,27,F1,rel,unrel_IPL_l,0.0274204
1637,27,F2,D,unrel_IPL_l,-0.0195727
1651,27,F2,I,unrel_IPL_l,0.0238874
1665,27,F2,irrel,unrel_IPL_l,-0.0263761
1679,27,F2,rel,unrel_IPL_l,0.0979478
1693,28,F1,irrel,unrel_IPL_l,0.0645046
1707,28,F1,rel,unrel_IPL_l,0.000542339
1721,28,F2,D,unrel_IPL_l,-0.218214
1735,28,F2,I,unrel_IPL_l,0.0375113
1749,28,F2,irrel,unrel_IPL_l,-0.0914484
1763,28,F2,rel,unrel_IPL_l,0.0655475
1777,29,F1,irrel,unrel_IPL_l,-0.0624807
1791,29,F1,rel,unrel_IPL_l,0.0264776
1805,29,F2,D,unrel_IPL_l,-0.00925462
1819,29,F2,I,unrel_IPL_l,0.0554092
1833,29,F2,irrel,unrel_IPL_l,-0.0528003
1847,29,F2,rel,unrel_IPL_l,0.0191112
1861,30,F1,irrel,unrel_IPL_l,0.0277723
1875,30,F1,rel,unrel_IPL_l,0.0158823
1889,30,F2,D,unrel_IPL_l,-0.0500557
1903,30,F2,I,unrel_IPL_l,0.0259066
1917,30,F2,irrel,unrel_IPL_l,-0.0231919
1931,30,F2,rel,unrel_IPL_l,0.0244384
1945,31,F1,irrel,unrel_IPL_l,-0.00330428
1959,31,F1,rel,unrel_IPL_l,0.0198795
1973,31,F2,D,unrel_IPL_l,-0.0727384
1987,31,F2,I,unrel_IPL_l,-0.0104369
2001,31,F2,irrel,unrel_IPL_l,-0.0363106
2015,31,F2,rel,unrel_IPL_l,-0.0289877
14,1,F1,irrel,unrel_MFG_l,0.00818676
28,1,F1,rel,unrel_MFG_l,0.0313495
42,1,F2,D,unrel_MFG_l,-0.0599354
56,1,F2,I,unrel_MFG_l,-0.00449233
70,1,F2,irrel,unrel_MFG_l,0.0134565
84,1,F2,rel,unrel_MFG_l,0.0194
98,2,F1,irrel,unrel_MFG_l,-0.035347
112,2,F1,rel,unrel_MFG_l,-0.025548
126,2,F2,D,unrel_MFG_l,0.0152584
140,2,F2,I,unrel_MFG_l,-0.00402698
154,2,F2,irrel,unrel_MFG_l,0.00392401
168,2,F2,rel,unrel_MFG_l,0.0410964
182,3,F1,irrel,unrel_MFG_l,-0.00214507
196,3,F1,rel,unrel_MFG_l,-0.00603646
210,3,F2,D,unrel_MFG_l,-0.0309274
224,3,F2,I,unrel_MFG_l,0.0372832
238,3,F2,irrel,unrel_MFG_l,-0.00579692
252,3,F2,rel,unrel_MFG_l,0.0156651
266,4,F1,irrel,unrel_MFG_l,-0.00675069
280,4,F1,rel,unrel_MFG_l,0.0414163
294,4,F2,D,unrel_MFG_l,-0.0799721
308,4,F2,I,unrel_MFG_l,-0.107381
322,4,F2,irrel,unrel_MFG_l,0.0382043
336,4,F2,rel,unrel_MFG_l,-0.0280479
350,6,F1,irrel,unrel_MFG_l,-0.00370421
364,6,F1,rel,unrel_MFG_l,0.00993454
378,6,F2,D,unrel_MFG_l,-0.0297004
392,6,F2,I,unrel_MFG_l,0.0213228
406,6,F2,irrel,unrel_MFG_l,0.0625464
420,6,F2,rel,unrel_MFG_l,0.01775
434,7,F1,irrel,unrel_MFG_l,-0.0515033
448,7,F1,rel,unrel_MFG_l,0.00177978
462,7,F2,D,unrel_MFG_l,-0.0111157
476,7,F2,I,unrel_MFG_l,-0.00346988
490,7,F2,irrel,unrel_MFG_l,-0.0296365
504,7,F2,rel,unrel_MFG_l,-0.0447147
518,9,F1,irrel,unrel_MFG_l,-0.0202156
532,9,F1,rel,unrel_MFG_l,-0.0496642
546,9,F2,D,unrel_MFG_l,-0.0283019
560,9,F2,I,unrel_MFG_l,0.00129152
574,9,F2,irrel,unrel_MFG_l,0.0218897
588,9,F2,rel,unrel_MFG_l,0.0418408
602,10,F1,irrel,unrel_MFG_l,-0.0726414
616,10,F1,rel,unrel_MFG_l,-0.0648164
630,10,F2,D,unrel_MFG_l,0.175249
644,10,F2,I,unrel_MFG_l,-0.0116132
658,10,F2,irrel,unrel_MFG_l,0.00845673
672,10,F2,rel,unrel_MFG_l,0.0100237
686,11,F1,irrel,unrel_MFG_l,0.0346672
700,11,F1,rel,unrel_MFG_l,-0.0180424
714,11,F2,D,unrel_MFG_l,-0.0252643
728,11,F2,I,unrel_MFG_l,0.0170209
742,11,F2,irrel,unrel_MFG_l,-0.0131738
756,11,F2,rel,unrel_MFG_l,0.0527504
770,15,F1,irrel,unrel_MFG_l,-0.00336527
784,15,F1,rel,unrel_MFG_l,-0.00208473
798,15,F2,D,unrel_MFG_l,-0.0335551
812,15,F2,I,unrel_MFG_l,0.0300981
826,15,F2,irrel,unrel_MFG_l,-0.0188801
840,15,F2,rel,unrel_MFG_l,-0.017464
854,17,F1,irrel,unrel_MFG_l,-0.0516393
868,17,F1,rel,unrel_MFG_l,-0.0776371
882,17,F2,D,unrel_MFG_l,-0.187545
896,17,F2,I,unrel_MFG_l,-0.027457
910,17,F2,irrel,unrel_MFG_l,0.027399
924,17,F2,rel,unrel_MFG_l,0.0134009
938,18,F1,irrel,unrel_MFG_l,0.019566
952,18,F1,rel,unrel_MFG_l,0.00821683
966,18,F2,D,unrel_MFG_l,-0.204719
980,18,F2,I,unrel_MFG_l,0.109753
994,18,F2,irrel,unrel_MFG_l,0.00379327
1008,18,F2,rel,unrel_MFG_l,-0.0136072
1022,19,F1,irrel,unrel_MFG_l,-0.023888
1036,19,F1,rel,unrel_MFG_l,-0.012366
1050,19,F2,D,unrel_MFG_l,-0.0830317
1064,19,F2,I,unrel_MFG_l,-0.0554258
1078,19,F2,irrel,unrel_MFG_l,0.0402804
1092,19,F2,rel,unrel_MFG_l,0.0103019
1106,21,F1,irrel,unrel_MFG_l,-0.0272682
1120,21,F1,rel,unrel_MFG_l,0.0359241
1134,21,F2,D,unrel_MFG_l,-0.0439573
1148,21,F2,I,unrel_MFG_l,0.0799006
1162,21,F2,irrel,unrel_MFG_l,-0.0167501
1176,21,F2,rel,unrel_MFG_l,-0.00187397
1190,22,F1,irrel,unrel_MFG_l,0.0225416
1204,22,F1,rel,unrel_MFG_l,0.0680683
1218,22,F2,D,unrel_MFG_l,0.0714891
1232,22,F2,I,unrel_MFG_l,0.0180347
1246,22,F2,irrel,unrel_MFG_l,0.0500418
1260,22,F2,rel,unrel_MFG_l,0.0628745
1274,23,F1,irrel,unrel_MFG_l,-0.00327065
1288,23,F1,rel,unrel_MFG_l,-0.00996734
1302,23,F2,D,unrel_MFG_l,-0.026393
1316,23,F2,I,unrel_MFG_l,0.0744961
1330,23,F2,irrel,unrel_MFG_l,-0.0109879
1344,23,F2,rel,unrel_MFG_l,-0.00282352
1358,24,F1,irrel,unrel_MFG_l,0.0479727
1372,24,F1,rel,unrel_MFG_l,0.0494753
1386,24,F2,D,unrel_MFG_l,0.0423316
1400,24,F2,I,unrel_MFG_l,0.0851723
1414,24,F2,irrel,unrel_MFG_l,0.0261674
1428,24,F2,rel,unrel_MFG_l,-0.0230771
1442,25,F1,irrel,unrel_MFG_l,-0.026919
1456,25,F1,rel,unrel_MFG_l,-0.0342559
1470,25,F2,D,unrel_MFG_l,-0.0938873
1484,25,F2,I,unrel_MFG_l,0.0200348
1498,25,F2,irrel,unrel_MFG_l,0.00945484
1512,25,F2,rel,unrel_MFG_l,0.0258713
1526,26,F1,irrel,unrel_MFG_l,-0.0301083
1540,26,F1,rel,unrel_MFG_l,0.0187625
1554,26,F2,D,unrel_MFG_l,-0.00454403
1568,26,F2,I,unrel_MFG_l,0.000728215
1582,26,F2,irrel,unrel_MFG_l,0.0373912
1596,26,F2,rel,unrel_MFG_l,0.0380514
1610,27,F1,irrel,unrel_MFG_l,0.0130772
1624,27,F1,rel,unrel_MFG_l,-0.0301924
1638,27,F2,D,unrel_MFG_l,-0.0107577
1652,27,F2,I,unrel_MFG_l,0.0765376
1666,27,F2,irrel,unrel_MFG_l,0.0125859
1680,27,F2,rel,unrel_MFG_l,0.0345032
1694,28,F1,irrel,unrel_MFG_l,0.0295067
1708,28,F1,rel,unrel_MFG_l,-0.0281731
1722,28,F2,D,unrel_MFG_l,-0.0933973
1736,28,F2,I,unrel_MFG_l,0.024639
1750,28,F2,irrel,unrel_MFG_l,-0.0621798
1764,28,F2,rel,unrel_MFG_l,-0.0120948
1778,29,F1,irrel,unrel_MFG_l,-0.0225661
1792,29,F1,rel,unrel_MFG_l,-0.00261578
1806,29,F2,D,unrel_MFG_l,-0.0475425
1820,29,F2,I,unrel_MFG_l,0.0425206
1834,29,F2,irrel,unrel_MFG_l,0.00616525
1848,29,F2,rel,unrel_MFG_l,0.0311809
1862,30,F1,irrel,unrel_MFG_l,0.0233128
1876,30,F1,rel,unrel_MFG_l,0.00068575
1890,30,F2,D,unrel_MFG_l,-0.0828256
1904,30,F2,I,unrel_MFG_l,0.0352702
1918,30,F2,irrel,unrel_MFG_l,-0.0289424
1932,30,F2,rel,unrel_MFG_l,0.0158011
1946,31,F1,irrel,unrel_MFG_l,-0.00288233
1960,31,F1,rel,unrel_MFG_l,-0.0116421
1974,31,F2,D,unrel_MFG_l,0.0200553
1988,31,F2,I,unrel_MFG_l,0.0646148
2002,31,F2,irrel,unrel_MFG_l,0.0353118
2016,31,F2,rel,unrel_MFG_l,-0.0211976
