"","id","face","type","roi","beta"
"1","001","F1","diag","chdiag_PCG_l",-0.0850255
"2","001","F1","diag","chdiagdiff_HC_l",-0.0224219
"3","001","F1","diag","F2diagdiff_insula_l",-0.00758536
"4","001","F1","diag","undiagdiff_IFG_l",-0.0512345
"5","001","F1","diag","undiagdiff_insula_l",-0.0294676
"6","001","F1","diag","undiagdiff_insula_r",-0.0354662
"7","001","F1","diag","undiagdiff_IPL_l",-0.116164
"8","001","F1","diag","undiagdiff_precuneus",-0.0553818
"9","001","F2","diag","chdiag_PCG_l",0.00378871
"10","001","F2","diag","chdiagdiff_HC_l",-0.0634594
"11","001","F2","diag","F2diagdiff_insula_l",0.0251937
"12","001","F2","diag","undiagdiff_IFG_l",0.0268867
"13","001","F2","diag","undiagdiff_insula_l",0.0160767
"14","001","F2","diag","undiagdiff_insula_r",-0.0243299
"15","001","F2","diag","undiagdiff_IPL_l",0.0353228
"16","001","F2","diag","undiagdiff_precuneus",-0.0418083
"17","001","F2","diagdiff","chdiag_PCG_l",-0.0757507
"18","001","F2","diagdiff","chdiagdiff_HC_l",-0.0316336
"19","001","F2","diagdiff","F2diagdiff_insula_l",-0.130554
"20","001","F2","diagdiff","undiagdiff_IFG_l",-0.129575
"21","001","F2","diagdiff","undiagdiff_insula_l",-0.128398
"22","001","F2","diagdiff","undiagdiff_insula_r",-0.103749
"23","001","F2","diagdiff","undiagdiff_IPL_l",-0.101367
"24","001","F2","diagdiff","undiagdiff_precuneus",-0.00718492
"25","002","F1","diag","chdiag_PCG_l",-0.0241908
"26","002","F1","diag","chdiagdiff_HC_l",-0.0286714
"27","002","F1","diag","F2diagdiff_insula_l",0.0149356
"28","002","F1","diag","undiagdiff_IFG_l",-0.0149609
"29","002","F1","diag","undiagdiff_insula_l",0.0128013
"30","002","F1","diag","undiagdiff_insula_r",0.00674365
"31","002","F1","diag","undiagdiff_IPL_l",-0.0515556
"32","002","F1","diag","undiagdiff_precuneus",-0.0146254
"33","002","F2","diag","chdiag_PCG_l",0.058563
"34","002","F2","diag","chdiagdiff_HC_l",0.102853
"35","002","F2","diag","F2diagdiff_insula_l",0.0830119
"36","002","F2","diag","undiagdiff_IFG_l",0.071327
"37","002","F2","diag","undiagdiff_insula_l",0.0708196
"38","002","F2","diag","undiagdiff_insula_r",0.0384307
"39","002","F2","diag","undiagdiff_IPL_l",0.0587258
"40","002","F2","diag","undiagdiff_precuneus",0.171907
"41","002","F2","diagdiff","chdiag_PCG_l",0.103526
"42","002","F2","diagdiff","chdiagdiff_HC_l",-0.171773
"43","002","F2","diagdiff","F2diagdiff_insula_l",-0.191633
"44","002","F2","diagdiff","undiagdiff_IFG_l",-0.15847
"45","002","F2","diagdiff","undiagdiff_insula_l",-0.146094
"46","002","F2","diagdiff","undiagdiff_insula_r",-0.193455
"47","002","F2","diagdiff","undiagdiff_IPL_l",-0.252238
"48","002","F2","diagdiff","undiagdiff_precuneus",-0.351501
"49","003","F1","diag","chdiag_PCG_l",0.00532461
"50","003","F1","diag","chdiagdiff_HC_l",-0.00833393
"51","003","F1","diag","F2diagdiff_insula_l",-0.00386727
"52","003","F1","diag","undiagdiff_IFG_l",-0.0310749
"53","003","F1","diag","undiagdiff_insula_l",0.000870452
"54","003","F1","diag","undiagdiff_insula_r",0.00687801
"55","003","F1","diag","undiagdiff_IPL_l",-0.0184865
"56","003","F1","diag","undiagdiff_precuneus",0.102197
"57","003","F2","diag","chdiag_PCG_l",-0.0267628
"58","003","F2","diag","chdiagdiff_HC_l",0.0139556
"59","003","F2","diag","F2diagdiff_insula_l",-0.0410771
"60","003","F2","diag","undiagdiff_IFG_l",-0.0199903
"61","003","F2","diag","undiagdiff_insula_l",-0.0490538
"62","003","F2","diag","undiagdiff_insula_r",-0.0116993
"63","003","F2","diag","undiagdiff_IPL_l",0.00561902
"64","003","F2","diag","undiagdiff_precuneus",0.039558
"65","003","F2","diagdiff","chdiag_PCG_l",0.0515806
"66","003","F2","diagdiff","chdiagdiff_HC_l",-0.00494938
"67","003","F2","diagdiff","F2diagdiff_insula_l",0.000849277
"68","003","F2","diagdiff","undiagdiff_IFG_l",-0.0933048
"69","003","F2","diagdiff","undiagdiff_insula_l",-0.0157855
"70","003","F2","diagdiff","undiagdiff_insula_r",-0.166409
"71","003","F2","diagdiff","undiagdiff_IPL_l",-0.131791
"72","003","F2","diagdiff","undiagdiff_precuneus",-0.105859
"73","004","F1","diag","chdiag_PCG_l",0.0264172
"74","004","F1","diag","chdiagdiff_HC_l",-0.00121352
"75","004","F1","diag","F2diagdiff_insula_l",0.0386457
"76","004","F1","diag","undiagdiff_IFG_l",-0.0355416
"77","004","F1","diag","undiagdiff_insula_l",0.0621654
"78","004","F1","diag","undiagdiff_insula_r",-0.0127458
"79","004","F1","diag","undiagdiff_IPL_l",-0.054223
"80","004","F1","diag","undiagdiff_precuneus",-0.0175968
"81","004","F2","diag","chdiag_PCG_l",-0.00234887
"82","004","F2","diag","chdiagdiff_HC_l",-0.155525
"83","004","F2","diag","F2diagdiff_insula_l",-0.0299336
"84","004","F2","diag","undiagdiff_IFG_l",-0.0984349
"85","004","F2","diag","undiagdiff_insula_l",-0.0415742
"86","004","F2","diag","undiagdiff_insula_r",-0.052153
"87","004","F2","diag","undiagdiff_IPL_l",-0.168647
"88","004","F2","diag","undiagdiff_precuneus",-0.286271
"89","004","F2","diagdiff","chdiag_PCG_l",-0.0873084
"90","004","F2","diagdiff","chdiagdiff_HC_l",0.0305458
"91","004","F2","diagdiff","F2diagdiff_insula_l",-0.0912171
"92","004","F2","diagdiff","undiagdiff_IFG_l",-0.0416692
"93","004","F2","diagdiff","undiagdiff_insula_l",-0.0946229
"94","004","F2","diagdiff","undiagdiff_insula_r",-0.061162
"95","004","F2","diagdiff","undiagdiff_IPL_l",-0.0526466
"96","004","F2","diagdiff","undiagdiff_precuneus",-0.0503763
"97","006","F1","diag","chdiag_PCG_l",0.0331452
"98","006","F1","diag","chdiagdiff_HC_l",0.0648892
"99","006","F1","diag","F2diagdiff_insula_l",0.0588396
"100","006","F1","diag","undiagdiff_IFG_l",0.0819488
"101","006","F1","diag","undiagdiff_insula_l",0.0712931
"102","006","F1","diag","undiagdiff_insula_r",0.0646218
"103","006","F1","diag","undiagdiff_IPL_l",0.00106356
"104","006","F1","diag","undiagdiff_precuneus",0.108903
"105","006","F2","diag","chdiag_PCG_l",0.00920524
"106","006","F2","diag","chdiagdiff_HC_l",0.0161363
"107","006","F2","diag","F2diagdiff_insula_l",-0.0445621
"108","006","F2","diag","undiagdiff_IFG_l",-0.0741882
"109","006","F2","diag","undiagdiff_insula_l",-0.0509396
"110","006","F2","diag","undiagdiff_insula_r",-0.0507155
"111","006","F2","diag","undiagdiff_IPL_l",-0.0425562
"112","006","F2","diag","undiagdiff_precuneus",-0.0443118
"113","006","F2","diagdiff","chdiag_PCG_l",0.0774356
"114","006","F2","diagdiff","chdiagdiff_HC_l",-0.0169907
"115","006","F2","diagdiff","F2diagdiff_insula_l",0.0380521
"116","006","F2","diagdiff","undiagdiff_IFG_l",-0.0411619
"117","006","F2","diagdiff","undiagdiff_insula_l",-0.00675682
"118","006","F2","diagdiff","undiagdiff_insula_r",0.0194378
"119","006","F2","diagdiff","undiagdiff_IPL_l",-0.117961
"120","006","F2","diagdiff","undiagdiff_precuneus",0.012286
"121","007","F1","diag","chdiag_PCG_l",0.0332459
"122","007","F1","diag","chdiagdiff_HC_l",0.036165
"123","007","F1","diag","F2diagdiff_insula_l",0.0552899
"124","007","F1","diag","undiagdiff_IFG_l",0.100654
"125","007","F1","diag","undiagdiff_insula_l",0.0534408
"126","007","F1","diag","undiagdiff_insula_r",0.0481167
"127","007","F1","diag","undiagdiff_IPL_l",-0.0149273
"128","007","F1","diag","undiagdiff_precuneus",0.0812149
"129","007","F2","diag","chdiag_PCG_l",-0.0455503
"130","007","F2","diag","chdiagdiff_HC_l",-0.00209092
"131","007","F2","diag","F2diagdiff_insula_l",-0.026261
"132","007","F2","diag","undiagdiff_IFG_l",-0.0302059
"133","007","F2","diag","undiagdiff_insula_l",-0.0371566
"134","007","F2","diag","undiagdiff_insula_r",-0.0336753
"135","007","F2","diag","undiagdiff_IPL_l",-0.0442071
"136","007","F2","diag","undiagdiff_precuneus",-0.046485
"137","007","F2","diagdiff","chdiag_PCG_l",0.087958
"138","007","F2","diagdiff","chdiagdiff_HC_l",-0.116046
"139","007","F2","diagdiff","F2diagdiff_insula_l",-0.0857613
"140","007","F2","diagdiff","undiagdiff_IFG_l",-0.0141283
"141","007","F2","diagdiff","undiagdiff_insula_l",-0.0383596
"142","007","F2","diagdiff","undiagdiff_insula_r",-0.196907
"143","007","F2","diagdiff","undiagdiff_IPL_l",-0.0218626
"144","007","F2","diagdiff","undiagdiff_precuneus",-0.302098
"145","009","F1","diag","chdiag_PCG_l",-0.0661365
"146","009","F1","diag","chdiagdiff_HC_l",-0.151231
"147","009","F1","diag","F2diagdiff_insula_l",-0.0797227
"148","009","F1","diag","undiagdiff_IFG_l",-0.0889616
"149","009","F1","diag","undiagdiff_insula_l",-0.0766368
"150","009","F1","diag","undiagdiff_insula_r",-0.154897
"151","009","F1","diag","undiagdiff_IPL_l",-0.217256
"152","009","F1","diag","undiagdiff_precuneus",-0.226921
"153","009","F2","diag","chdiag_PCG_l",-0.108808
"154","009","F2","diag","chdiagdiff_HC_l",0.0260126
"155","009","F2","diag","F2diagdiff_insula_l",-0.176944
"156","009","F2","diag","undiagdiff_IFG_l",-0.0349536
"157","009","F2","diag","undiagdiff_insula_l",-0.170617
"158","009","F2","diag","undiagdiff_insula_r",-0.100195
"159","009","F2","diag","undiagdiff_IPL_l",-0.15987
"160","009","F2","diag","undiagdiff_precuneus",-0.0920873
"161","009","F2","diagdiff","chdiag_PCG_l",-0.0771493
"162","009","F2","diagdiff","chdiagdiff_HC_l",0.0489277
"163","009","F2","diagdiff","F2diagdiff_insula_l",-0.115172
"164","009","F2","diagdiff","undiagdiff_IFG_l",-0.275982
"165","009","F2","diagdiff","undiagdiff_insula_l",-0.122077
"166","009","F2","diagdiff","undiagdiff_insula_r",-0.0824588
"167","009","F2","diagdiff","undiagdiff_IPL_l",-0.0993684
"168","009","F2","diagdiff","undiagdiff_precuneus",-0.0148556
"169","010","F1","diag","chdiag_PCG_l",-0.107327
"170","010","F1","diag","chdiagdiff_HC_l",-0.056624
"171","010","F1","diag","F2diagdiff_insula_l",-0.0594484
"172","010","F1","diag","undiagdiff_IFG_l",-0.0602423
"173","010","F1","diag","undiagdiff_insula_l",-0.056018
"174","010","F1","diag","undiagdiff_insula_r",-0.0447263
"175","010","F1","diag","undiagdiff_IPL_l",-0.0624994
"176","010","F1","diag","undiagdiff_precuneus",-0.118529
"177","010","F2","diag","chdiag_PCG_l",0.159189
"178","010","F2","diag","chdiagdiff_HC_l",0.121931
"179","010","F2","diag","F2diagdiff_insula_l",-0.000524003
"180","010","F2","diag","undiagdiff_IFG_l",-0.00313321
"181","010","F2","diag","undiagdiff_insula_l",-0.0233512
"182","010","F2","diag","undiagdiff_insula_r",0.0711149
"183","010","F2","diag","undiagdiff_IPL_l",-0.0159598
"184","010","F2","diag","undiagdiff_precuneus",0.0177917
"185","010","F2","diagdiff","chdiag_PCG_l",-0.187737
"186","010","F2","diagdiff","chdiagdiff_HC_l",-0.224023
"187","010","F2","diagdiff","F2diagdiff_insula_l",-0.151967
"188","010","F2","diagdiff","undiagdiff_IFG_l",-0.15234
"189","010","F2","diagdiff","undiagdiff_insula_l",-0.121551
"190","010","F2","diagdiff","undiagdiff_insula_r",-0.200308
"191","010","F2","diagdiff","undiagdiff_IPL_l",-0.0548862
"192","010","F2","diagdiff","undiagdiff_precuneus",-0.124878
"193","011","F1","diag","chdiag_PCG_l",0.0675905
"194","011","F1","diag","chdiagdiff_HC_l",0.0138188
"195","011","F1","diag","F2diagdiff_insula_l",0.0354959
"196","011","F1","diag","undiagdiff_IFG_l",0.0281028
"197","011","F1","diag","undiagdiff_insula_l",0.0418236
"198","011","F1","diag","undiagdiff_insula_r",0.0139062
"199","011","F1","diag","undiagdiff_IPL_l",0.016465
"200","011","F1","diag","undiagdiff_precuneus",0.0543589
"201","011","F2","diag","chdiag_PCG_l",-0.0766171
"202","011","F2","diag","chdiagdiff_HC_l",0.01296
"203","011","F2","diag","F2diagdiff_insula_l",-0.0824882
"204","011","F2","diag","undiagdiff_IFG_l",-0.147332
"205","011","F2","diag","undiagdiff_insula_l",-0.10497
"206","011","F2","diag","undiagdiff_insula_r",-0.0600469
"207","011","F2","diag","undiagdiff_IPL_l",-0.133965
"208","011","F2","diag","undiagdiff_precuneus",-0.232934
"209","011","F2","diagdiff","chdiag_PCG_l",0.0173291
"210","011","F2","diagdiff","chdiagdiff_HC_l",-0.106288
"211","011","F2","diagdiff","F2diagdiff_insula_l",-0.111091
"212","011","F2","diagdiff","undiagdiff_IFG_l",-0.0171253
"213","011","F2","diagdiff","undiagdiff_insula_l",-0.11013
"214","011","F2","diagdiff","undiagdiff_insula_r",-0.0645723
"215","011","F2","diagdiff","undiagdiff_IPL_l",0.103439
"216","011","F2","diagdiff","undiagdiff_precuneus",0.0969313
"217","015","F1","diag","chdiag_PCG_l",-0.0358537
"218","015","F1","diag","chdiagdiff_HC_l",0.0293243
"219","015","F1","diag","F2diagdiff_insula_l",0.018832
"220","015","F1","diag","undiagdiff_IFG_l",-0.0181815
"221","015","F1","diag","undiagdiff_insula_l",0.0269898
"222","015","F1","diag","undiagdiff_insula_r",0.00198983
"223","015","F1","diag","undiagdiff_IPL_l",-0.00520647
"224","015","F1","diag","undiagdiff_precuneus",0.0489063
"225","015","F2","diag","chdiag_PCG_l",0.0067088
"226","015","F2","diag","chdiagdiff_HC_l",0.0336808
"227","015","F2","diag","F2diagdiff_insula_l",0.0624801
"228","015","F2","diag","undiagdiff_IFG_l",0.0220391
"229","015","F2","diag","undiagdiff_insula_l",0.0626461
"230","015","F2","diag","undiagdiff_insula_r",0.0752889
"231","015","F2","diag","undiagdiff_IPL_l",0.0224378
"232","015","F2","diag","undiagdiff_precuneus",-0.0305424
"233","015","F2","diagdiff","chdiag_PCG_l",0.0925497
"234","015","F2","diagdiff","chdiagdiff_HC_l",-0.0606955
"235","015","F2","diagdiff","F2diagdiff_insula_l",0.00872444
"236","015","F2","diagdiff","undiagdiff_IFG_l",-0.0337024
"237","015","F2","diagdiff","undiagdiff_insula_l",0.017274
"238","015","F2","diagdiff","undiagdiff_insula_r",0.0771624
"239","015","F2","diagdiff","undiagdiff_IPL_l",0.00632107
"240","015","F2","diagdiff","undiagdiff_precuneus",0.0252603
"241","017","F1","diag","chdiag_PCG_l",-0.0454142
"242","017","F1","diag","chdiagdiff_HC_l",-0.0696305
"243","017","F1","diag","F2diagdiff_insula_l",-0.0660092
"244","017","F1","diag","undiagdiff_IFG_l",-0.16622
"245","017","F1","diag","undiagdiff_insula_l",-0.0933898
"246","017","F1","diag","undiagdiff_insula_r",-0.0728795
"247","017","F1","diag","undiagdiff_IPL_l",-0.172638
"248","017","F1","diag","undiagdiff_precuneus",-0.0947509
"249","017","F2","diag","chdiag_PCG_l",0.145091
"250","017","F2","diag","chdiagdiff_HC_l",0.0864302
"251","017","F2","diag","F2diagdiff_insula_l",-0.00947329
"252","017","F2","diag","undiagdiff_IFG_l",-0.0410089
"253","017","F2","diag","undiagdiff_insula_l",-0.0255754
"254","017","F2","diag","undiagdiff_insula_r",-0.00475503
"255","017","F2","diag","undiagdiff_IPL_l",-0.040894
"256","017","F2","diag","undiagdiff_precuneus",0.100833
"257","017","F2","diagdiff","chdiag_PCG_l",-0.0397556
"258","017","F2","diagdiff","chdiagdiff_HC_l",-0.118015
"259","017","F2","diagdiff","F2diagdiff_insula_l",0.111254
"260","017","F2","diagdiff","undiagdiff_IFG_l",0.152478
"261","017","F2","diagdiff","undiagdiff_insula_l",0.143135
"262","017","F2","diagdiff","undiagdiff_insula_r",-0.0725513
"263","017","F2","diagdiff","undiagdiff_IPL_l",0.00302214
"264","017","F2","diagdiff","undiagdiff_precuneus",-0.14403
"265","018","F1","diag","chdiag_PCG_l",0.0114503
"266","018","F1","diag","chdiagdiff_HC_l",-0.0611385
"267","018","F1","diag","F2diagdiff_insula_l",-0.0256919
"268","018","F1","diag","undiagdiff_IFG_l",-0.0340489
"269","018","F1","diag","undiagdiff_insula_l",-0.0197174
"270","018","F1","diag","undiagdiff_insula_r",-0.0106109
"271","018","F1","diag","undiagdiff_IPL_l",-0.0891173
"272","018","F1","diag","undiagdiff_precuneus",-0.111158
"273","018","F2","diag","chdiag_PCG_l",-0.0346094
"274","018","F2","diag","chdiagdiff_HC_l",-0.00457857
"275","018","F2","diag","F2diagdiff_insula_l",-0.0118276
"276","018","F2","diag","undiagdiff_IFG_l",-0.00439074
"277","018","F2","diag","undiagdiff_insula_l",-0.0136732
"278","018","F2","diag","undiagdiff_insula_r",-0.0193071
"279","018","F2","diag","undiagdiff_IPL_l",-0.0420241
"280","018","F2","diag","undiagdiff_precuneus",0.0101244
"281","018","F2","diagdiff","chdiag_PCG_l",0.0896222
"282","018","F2","diagdiff","chdiagdiff_HC_l",-0.116549
"283","018","F2","diagdiff","F2diagdiff_insula_l",-0.115038
"284","018","F2","diagdiff","undiagdiff_IFG_l",-0.120059
"285","018","F2","diagdiff","undiagdiff_insula_l",-0.107124
"286","018","F2","diagdiff","undiagdiff_insula_r",-0.158181
"287","018","F2","diagdiff","undiagdiff_IPL_l",-0.139726
"288","018","F2","diagdiff","undiagdiff_precuneus",-0.121694
"289","019","F1","diag","chdiag_PCG_l",0.0100746
"290","019","F1","diag","chdiagdiff_HC_l",-0.0500277
"291","019","F1","diag","F2diagdiff_insula_l",0.0558378
"292","019","F1","diag","undiagdiff_IFG_l",0.0264129
"293","019","F1","diag","undiagdiff_insula_l",0.058741
"294","019","F1","diag","undiagdiff_insula_r",0.0533104
"295","019","F1","diag","undiagdiff_IPL_l",0.0614963
"296","019","F1","diag","undiagdiff_precuneus",-0.0331496
"297","019","F2","diag","chdiag_PCG_l",-0.117383
"298","019","F2","diag","chdiagdiff_HC_l",-0.227806
"299","019","F2","diag","F2diagdiff_insula_l",-0.0334757
"300","019","F2","diag","undiagdiff_IFG_l",-0.0614296
"301","019","F2","diag","undiagdiff_insula_l",-0.0568734
"302","019","F2","diag","undiagdiff_insula_r",-0.068709
"303","019","F2","diag","undiagdiff_IPL_l",-0.0518288
"304","019","F2","diag","undiagdiff_precuneus",-0.30256
"305","019","F2","diagdiff","chdiag_PCG_l",0.0169405
"306","019","F2","diagdiff","chdiagdiff_HC_l",0.103297
"307","019","F2","diagdiff","F2diagdiff_insula_l",-0.103586
"308","019","F2","diagdiff","undiagdiff_IFG_l",-0.0765568
"309","019","F2","diagdiff","undiagdiff_insula_l",-0.0643888
"310","019","F2","diagdiff","undiagdiff_insula_r",0.00409981
"311","019","F2","diagdiff","undiagdiff_IPL_l",-0.00605097
"312","019","F2","diagdiff","undiagdiff_precuneus",0.21312
"313","021","F1","diag","chdiag_PCG_l",0.0493187
"314","021","F1","diag","chdiagdiff_HC_l",0.0345978
"315","021","F1","diag","F2diagdiff_insula_l",0.10597
"316","021","F1","diag","undiagdiff_IFG_l",0.0623559
"317","021","F1","diag","undiagdiff_insula_l",0.105139
"318","021","F1","diag","undiagdiff_insula_r",0.122896
"319","021","F1","diag","undiagdiff_IPL_l",0.0277295
"320","021","F1","diag","undiagdiff_precuneus",0.0245127
"321","021","F2","diag","chdiag_PCG_l",0.141897
"322","021","F2","diag","chdiagdiff_HC_l",0.0835534
"323","021","F2","diag","F2diagdiff_insula_l",0.0726019
"324","021","F2","diag","undiagdiff_IFG_l",0.131147
"325","021","F2","diag","undiagdiff_insula_l",0.0668778
"326","021","F2","diag","undiagdiff_insula_r",0.0943618
"327","021","F2","diag","undiagdiff_IPL_l",0.0430988
"328","021","F2","diag","undiagdiff_precuneus",0.0775974
"329","021","F2","diagdiff","chdiag_PCG_l",-0.0828647
"330","021","F2","diagdiff","chdiagdiff_HC_l",-0.0316147
"331","021","F2","diagdiff","F2diagdiff_insula_l",-0.0442119
"332","021","F2","diagdiff","undiagdiff_IFG_l",-0.0712573
"333","021","F2","diagdiff","undiagdiff_insula_l",-0.0243178
"334","021","F2","diagdiff","undiagdiff_insula_r",-0.0217433
"335","021","F2","diagdiff","undiagdiff_IPL_l",-0.119248
"336","021","F2","diagdiff","undiagdiff_precuneus",-0.128254
"337","022","F1","diag","chdiag_PCG_l",0.00161433
"338","022","F1","diag","chdiagdiff_HC_l",-0.062039
"339","022","F1","diag","F2diagdiff_insula_l",-0.013962
"340","022","F1","diag","undiagdiff_IFG_l",0.0267966
"341","022","F1","diag","undiagdiff_insula_l",-0.0122844
"342","022","F1","diag","undiagdiff_insula_r",0.00754916
"343","022","F1","diag","undiagdiff_IPL_l",-0.00212233
"344","022","F1","diag","undiagdiff_precuneus",0.0390635
"345","022","F2","diag","chdiag_PCG_l",-0.247272
"346","022","F2","diag","chdiagdiff_HC_l",-0.1678
"347","022","F2","diag","F2diagdiff_insula_l",-0.215885
"348","022","F2","diag","undiagdiff_IFG_l",-0.245974
"349","022","F2","diag","undiagdiff_insula_l",-0.212479
"350","022","F2","diag","undiagdiff_insula_r",-0.321831
"351","022","F2","diag","undiagdiff_IPL_l",-0.309121
"352","022","F2","diag","undiagdiff_precuneus",-0.271174
"353","022","F2","diagdiff","chdiag_PCG_l",0.136282
"354","022","F2","diagdiff","chdiagdiff_HC_l",0.122154
"355","022","F2","diagdiff","F2diagdiff_insula_l",-0.0570328
"356","022","F2","diagdiff","undiagdiff_IFG_l",0.116237
"357","022","F2","diagdiff","undiagdiff_insula_l",-0.0300346
"358","022","F2","diagdiff","undiagdiff_insula_r",0.321201
"359","022","F2","diagdiff","undiagdiff_IPL_l",0.181491
"360","022","F2","diagdiff","undiagdiff_precuneus",0.220757
"361","023","F1","diag","chdiag_PCG_l",-0.0498224
"362","023","F1","diag","chdiagdiff_HC_l",-0.013135
"363","023","F1","diag","F2diagdiff_insula_l",0.0123277
"364","023","F1","diag","undiagdiff_IFG_l",-0.0185179
"365","023","F1","diag","undiagdiff_insula_l",-0.00362259
"366","023","F1","diag","undiagdiff_insula_r",0.0484301
"367","023","F1","diag","undiagdiff_IPL_l",-0.030032
"368","023","F1","diag","undiagdiff_precuneus",0.0920017
"369","023","F2","diag","chdiag_PCG_l",0.0354285
"370","023","F2","diag","chdiagdiff_HC_l",-0.0616381
"371","023","F2","diag","F2diagdiff_insula_l",-0.033532
"372","023","F2","diag","undiagdiff_IFG_l",-0.0500715
"373","023","F2","diag","undiagdiff_insula_l",-0.0287163
"374","023","F2","diag","undiagdiff_insula_r",-0.0502255
"375","023","F2","diag","undiagdiff_IPL_l",-0.088835
"376","023","F2","diag","undiagdiff_precuneus",-0.105652
"377","023","F2","diagdiff","chdiag_PCG_l",0.0176821
"378","023","F2","diagdiff","chdiagdiff_HC_l",-0.0461872
"379","023","F2","diagdiff","F2diagdiff_insula_l",-0.140084
"380","023","F2","diagdiff","undiagdiff_IFG_l",-0.109724
"381","023","F2","diagdiff","undiagdiff_insula_l",-0.147387
"382","023","F2","diagdiff","undiagdiff_insula_r",-0.154836
"383","023","F2","diagdiff","undiagdiff_IPL_l",-0.149979
"384","023","F2","diagdiff","undiagdiff_precuneus",-0.00439449
"385","024","F1","diag","chdiag_PCG_l",0.0736337
"386","024","F1","diag","chdiagdiff_HC_l",-0.0288812
"387","024","F1","diag","F2diagdiff_insula_l",-0.0309337
"388","024","F1","diag","undiagdiff_IFG_l",-0.0362695
"389","024","F1","diag","undiagdiff_insula_l",0.00275319
"390","024","F1","diag","undiagdiff_insula_r",-0.0459927
"391","024","F1","diag","undiagdiff_IPL_l",-0.0107777
"392","024","F1","diag","undiagdiff_precuneus",-0.0773082
"393","024","F2","diag","chdiag_PCG_l",0.197351
"394","024","F2","diag","chdiagdiff_HC_l",0.0365856
"395","024","F2","diag","F2diagdiff_insula_l",0.0591731
"396","024","F2","diag","undiagdiff_IFG_l",0.0693905
"397","024","F2","diag","undiagdiff_insula_l",0.0895345
"398","024","F2","diag","undiagdiff_insula_r",0.0272658
"399","024","F2","diag","undiagdiff_IPL_l",0.0679893
"400","024","F2","diag","undiagdiff_precuneus",0.0028294
"401","024","F2","diagdiff","chdiag_PCG_l",-0.063185
"402","024","F2","diagdiff","chdiagdiff_HC_l",-0.0807719
"403","024","F2","diagdiff","F2diagdiff_insula_l",-0.223073
"404","024","F2","diagdiff","undiagdiff_IFG_l",-0.225008
"405","024","F2","diagdiff","undiagdiff_insula_l",-0.200144
"406","024","F2","diagdiff","undiagdiff_insula_r",-0.215821
"407","024","F2","diagdiff","undiagdiff_IPL_l",-0.235276
"408","024","F2","diagdiff","undiagdiff_precuneus",-0.168966
"409","025","F1","diag","chdiag_PCG_l",-0.0384251
"410","025","F1","diag","chdiagdiff_HC_l",-0.0214036
"411","025","F1","diag","F2diagdiff_insula_l",0.00960291
"412","025","F1","diag","undiagdiff_IFG_l",-0.0335859
"413","025","F1","diag","undiagdiff_insula_l",-0.00928073
"414","025","F1","diag","undiagdiff_insula_r",0.0112661
"415","025","F1","diag","undiagdiff_IPL_l",-0.0282968
"416","025","F1","diag","undiagdiff_precuneus",-0.00520907
"417","025","F2","diag","chdiag_PCG_l",-0.043065
"418","025","F2","diag","chdiagdiff_HC_l",-0.017725
"419","025","F2","diag","F2diagdiff_insula_l",-0.0103571
"420","025","F2","diag","undiagdiff_IFG_l",-0.0463495
"421","025","F2","diag","undiagdiff_insula_l",-0.0162791
"422","025","F2","diag","undiagdiff_insula_r",0.0186335
"423","025","F2","diag","undiagdiff_IPL_l",-0.034963
"424","025","F2","diag","undiagdiff_precuneus",0.00728877
"425","025","F2","diagdiff","chdiag_PCG_l",0.119531
"426","025","F2","diagdiff","chdiagdiff_HC_l",0.0296522
"427","025","F2","diagdiff","F2diagdiff_insula_l",-0.0546307
"428","025","F2","diagdiff","undiagdiff_IFG_l",-0.101886
"429","025","F2","diagdiff","undiagdiff_insula_l",-0.0383601
"430","025","F2","diagdiff","undiagdiff_insula_r",-0.0751234
"431","025","F2","diagdiff","undiagdiff_IPL_l",-0.0861325
"432","025","F2","diagdiff","undiagdiff_precuneus",0.0292268
"433","026","F1","diag","chdiag_PCG_l",0.00380868
"434","026","F1","diag","chdiagdiff_HC_l",-0.0118674
"435","026","F1","diag","F2diagdiff_insula_l",0.00920425
"436","026","F1","diag","undiagdiff_IFG_l",-0.0113435
"437","026","F1","diag","undiagdiff_insula_l",0.0181986
"438","026","F1","diag","undiagdiff_insula_r",0.0239294
"439","026","F1","diag","undiagdiff_IPL_l",-0.0855996
"440","026","F1","diag","undiagdiff_precuneus",-0.0832055
"441","026","F2","diag","chdiag_PCG_l",-0.0668941
"442","026","F2","diag","chdiagdiff_HC_l",-0.0490792
"443","026","F2","diag","F2diagdiff_insula_l",-0.0346855
"444","026","F2","diag","undiagdiff_IFG_l",-0.0876642
"445","026","F2","diag","undiagdiff_insula_l",-0.0301681
"446","026","F2","diag","undiagdiff_insula_r",-0.0193232
"447","026","F2","diag","undiagdiff_IPL_l",-0.00258654
"448","026","F2","diag","undiagdiff_precuneus",0.00734123
"449","026","F2","diagdiff","chdiag_PCG_l",-0.0280017
"450","026","F2","diagdiff","chdiagdiff_HC_l",-0.0529791
"451","026","F2","diagdiff","F2diagdiff_insula_l",-0.126419
"452","026","F2","diagdiff","undiagdiff_IFG_l",-0.101059
"453","026","F2","diagdiff","undiagdiff_insula_l",-0.123198
"454","026","F2","diagdiff","undiagdiff_insula_r",-0.0608805
"455","026","F2","diagdiff","undiagdiff_IPL_l",-0.0835966
"456","026","F2","diagdiff","undiagdiff_precuneus",-0.137215
"457","027","F1","diag","chdiag_PCG_l",0.0439175
"458","027","F1","diag","chdiagdiff_HC_l",-0.00355434
"459","027","F1","diag","F2diagdiff_insula_l",0.100838
"460","027","F1","diag","undiagdiff_IFG_l",0.0337399
"461","027","F1","diag","undiagdiff_insula_l",0.111106
"462","027","F1","diag","undiagdiff_insula_r",-0.00643294
"463","027","F1","diag","undiagdiff_IPL_l",0.0280166
"464","027","F1","diag","undiagdiff_precuneus",0.020884
"465","027","F2","diag","chdiag_PCG_l",-0.118014
"466","027","F2","diag","chdiagdiff_HC_l",-0.0845067
"467","027","F2","diag","F2diagdiff_insula_l",-0.0514861
"468","027","F2","diag","undiagdiff_IFG_l",-0.0984153
"469","027","F2","diag","undiagdiff_insula_l",-0.0509214
"470","027","F2","diag","undiagdiff_insula_r",-0.102001
"471","027","F2","diag","undiagdiff_IPL_l",-0.0252885
"472","027","F2","diag","undiagdiff_precuneus",-0.0550278
"473","027","F2","diagdiff","chdiag_PCG_l",0.00739299
"474","027","F2","diagdiff","chdiagdiff_HC_l",-0.0907595
"475","027","F2","diagdiff","F2diagdiff_insula_l",-0.122993
"476","027","F2","diagdiff","undiagdiff_IFG_l",-0.118477
"477","027","F2","diagdiff","undiagdiff_insula_l",-0.10137
"478","027","F2","diagdiff","undiagdiff_insula_r",0.155773
"479","027","F2","diagdiff","undiagdiff_IPL_l",-0.0842311
"480","027","F2","diagdiff","undiagdiff_precuneus",0.0841121
"481","028","F1","diag","chdiag_PCG_l",0.030331
"482","028","F1","diag","chdiagdiff_HC_l",0.0297122
"483","028","F1","diag","F2diagdiff_insula_l",-0.0178369
"484","028","F1","diag","undiagdiff_IFG_l",-0.0257603
"485","028","F1","diag","undiagdiff_insula_l",-0.0086933
"486","028","F1","diag","undiagdiff_insula_r",0.0322675
"487","028","F1","diag","undiagdiff_IPL_l",-0.0312974
"488","028","F1","diag","undiagdiff_precuneus",-0.0130993
"489","028","F2","diag","chdiag_PCG_l",-0.0475639
"490","028","F2","diag","chdiagdiff_HC_l",0.0431776
"491","028","F2","diag","F2diagdiff_insula_l",0.00415692
"492","028","F2","diag","undiagdiff_IFG_l",-0.0234774
"493","028","F2","diag","undiagdiff_insula_l",-0.00813562
"494","028","F2","diag","undiagdiff_insula_r",0.0107557
"495","028","F2","diag","undiagdiff_IPL_l",-0.0457808
"496","028","F2","diag","undiagdiff_precuneus",-0.0209725
"497","028","F2","diagdiff","chdiag_PCG_l",0.0269214
"498","028","F2","diagdiff","chdiagdiff_HC_l",-0.115907
"499","028","F2","diagdiff","F2diagdiff_insula_l",-0.184191
"500","028","F2","diagdiff","undiagdiff_IFG_l",-0.155018
"501","028","F2","diagdiff","undiagdiff_insula_l",-0.184663
"502","028","F2","diagdiff","undiagdiff_insula_r",-0.225217
"503","028","F2","diagdiff","undiagdiff_IPL_l",-0.234009
"504","028","F2","diagdiff","undiagdiff_precuneus",-0.121601
"505","029","F1","diag","chdiag_PCG_l",0.00127311
"506","029","F1","diag","chdiagdiff_HC_l",0.0121022
"507","029","F1","diag","F2diagdiff_insula_l",0.0188316
"508","029","F1","diag","undiagdiff_IFG_l",0.0387997
"509","029","F1","diag","undiagdiff_insula_l",0.015439
"510","029","F1","diag","undiagdiff_insula_r",-0.030379
"511","029","F1","diag","undiagdiff_IPL_l",0.0370664
"512","029","F1","diag","undiagdiff_precuneus",0.0889061
"513","029","F2","diag","chdiag_PCG_l",-0.00574772
"514","029","F2","diag","chdiagdiff_HC_l",0.0363576
"515","029","F2","diag","F2diagdiff_insula_l",0.0544415
"516","029","F2","diag","undiagdiff_IFG_l",0.0132036
"517","029","F2","diag","undiagdiff_insula_l",0.061288
"518","029","F2","diag","undiagdiff_insula_r",0.00968276
"519","029","F2","diag","undiagdiff_IPL_l",0.0113976
"520","029","F2","diag","undiagdiff_precuneus",0.0137199
"521","029","F2","diagdiff","chdiag_PCG_l",0.0253506
"522","029","F2","diagdiff","chdiagdiff_HC_l",-0.0194607
"523","029","F2","diagdiff","F2diagdiff_insula_l",-0.140743
"524","029","F2","diagdiff","undiagdiff_IFG_l",-0.0160728
"525","029","F2","diagdiff","undiagdiff_insula_l",-0.146497
"526","029","F2","diagdiff","undiagdiff_insula_r",-0.0440943
"527","029","F2","diagdiff","undiagdiff_IPL_l",-0.0370327
"528","029","F2","diagdiff","undiagdiff_precuneus",0.0296533
"529","030","F1","diag","chdiag_PCG_l",0.0291716
"530","030","F1","diag","chdiagdiff_HC_l",0.0407622
"531","030","F1","diag","F2diagdiff_insula_l",-0.00249584
"532","030","F1","diag","undiagdiff_IFG_l",0.022794
"533","030","F1","diag","undiagdiff_insula_l",0.00238694
"534","030","F1","diag","undiagdiff_insula_r",0.00319581
"535","030","F1","diag","undiagdiff_IPL_l",-0.00389889
"536","030","F1","diag","undiagdiff_precuneus",0.015657
"537","030","F2","diag","chdiag_PCG_l",0.0787276
"538","030","F2","diag","chdiagdiff_HC_l",0.0507463
"539","030","F2","diag","F2diagdiff_insula_l",0.00909267
"540","030","F2","diag","undiagdiff_IFG_l",0.0159126
"541","030","F2","diag","undiagdiff_insula_l",0.0190779
"542","030","F2","diag","undiagdiff_insula_r",-0.00848209
"543","030","F2","diag","undiagdiff_IPL_l",0.00598326
"544","030","F2","diag","undiagdiff_precuneus",0.0328081
"545","030","F2","diagdiff","chdiag_PCG_l",-0.0879058
"546","030","F2","diagdiff","chdiagdiff_HC_l",-0.152365
"547","030","F2","diagdiff","F2diagdiff_insula_l",-0.178532
"548","030","F2","diagdiff","undiagdiff_IFG_l",-0.226064
"549","030","F2","diagdiff","undiagdiff_insula_l",-0.191084
"550","030","F2","diagdiff","undiagdiff_insula_r",-0.062265
"551","030","F2","diagdiff","undiagdiff_IPL_l",-0.156736
"552","030","F2","diagdiff","undiagdiff_precuneus",-0.202028
"553","031","F1","diag","chdiag_PCG_l",-0.00913751
"554","031","F1","diag","chdiagdiff_HC_l",0.049265
"555","031","F1","diag","F2diagdiff_insula_l",0.0443189
"556","031","F1","diag","undiagdiff_IFG_l",-0.0284294
"557","031","F1","diag","undiagdiff_insula_l",0.0302977
"558","031","F1","diag","undiagdiff_insula_r",0.0386122
"559","031","F1","diag","undiagdiff_IPL_l",0.00894555
"560","031","F1","diag","undiagdiff_precuneus",0.0197483
"561","031","F2","diag","chdiag_PCG_l",0.0226325
"562","031","F2","diag","chdiagdiff_HC_l",0.0364468
"563","031","F2","diag","F2diagdiff_insula_l",-0.00963082
"564","031","F2","diag","undiagdiff_IFG_l",-0.0162945
"565","031","F2","diag","undiagdiff_insula_l",-0.0120009
"566","031","F2","diag","undiagdiff_insula_r",-0.0406291
"567","031","F2","diag","undiagdiff_IPL_l",-0.0559881
"568","031","F2","diag","undiagdiff_precuneus",-0.0912755
"569","031","F2","diagdiff","chdiag_PCG_l",0.00115803
"570","031","F2","diagdiff","chdiagdiff_HC_l",-0.118428
"571","031","F2","diagdiff","F2diagdiff_insula_l",-0.0830071
"572","031","F2","diagdiff","undiagdiff_IFG_l",-0.152591
"573","031","F2","diagdiff","undiagdiff_insula_l",-0.120267
"574","031","F2","diagdiff","undiagdiff_insula_r",-0.0911407
"575","031","F2","diagdiff","undiagdiff_IPL_l",-0.152644
"576","031","F2","diagdiff","undiagdiff_precuneus",-0.253483
